language,analysis_unit,text,count,bpe_unique_signatures,fxt_unique_signatures,fxt_seed_signature_count,has_fxt_seed_variation,most_common_bpe,most_common_fxt,seed_signatures
hi,whitespace_word,कहते,18,1,5,5,True,à¤ķ|à¤¹à¤¤|à¥ĩ,कह|े,"{""42"": ""कह|े"", ""43"": ""क|त|"", ""44"": ""कह||"", ""45"": ""क||े"", ""46"": ""क|ते""}"
hi,whitespace_word,फ़ोन,13,1,5,5,True,à¤«|à¤¼à¥ĭ|à¤¨,फ|ो|,"{""42"": ""फ|ो|"", ""43"": ""फ|ोन"", ""44"": ""फ़|न"", ""45"": ""फ़||"", ""46"": ""फ||न""}"
hi,whitespace_word,संगठन,13,1,5,5,True,à¤¸|à¤Ĥà¤Ĺà¤łà¤¨,सं|ठ|न,"{""42"": ""सं|ठ|न"", ""43"": ""स||ठन"", ""44"": ""सं|||न"", ""45"": ""सं|ठन"", ""46"": ""स|गठ|न""}"
hi,whitespace_word,नेशनल,11,1,5,5,True,à¤¨|à¥ĩà¤¶à¤¨à¤²,न||नल,"{""42"": ""न||नल"", ""43"": ""न|श||"", ""44"": ""न|||ल"", ""45"": ""न||||"", ""46"": ""न|शनल""}"
hi,whitespace_word,अफ़्रीका,10,1,5,5,True,à¤ħ|à¤«|à¤¼à¥į|à¤°|à¥Ģà¤ķ|à¤¾,अ||्र|का,"{""42"": ""अ||्र|का"", ""43"": ""अ|़्र|क|"", ""44"": ""अ|़्र|का"", ""45"": ""अ|़|र|का"", ""46"": ""अफ़्र|का""}"
hi,whitespace_word,शक्तिशाली,9,1,5,5,True,à¤¶à¤ķ|à¥įà¤¤|à¤¿à¤¶|à¤¾à¤²|à¥Ģ,शक|तिशा|ी,"{""42"": ""शक|तिशा|ी"", ""43"": ""श||तिशा||"", ""44"": ""श|||ति|शा|ी"", ""45"": ""श||ति|शा|ी"", ""46"": ""श||तिश||ी""}"
hi,whitespace_word,अंतरराष्ट्रीय,7,1,5,5,True,à¤ħ|à¤Ĥà¤¤à¤°à¤°|à¤¾à¤·|à¥įà¤Ł|à¥įà¤°|à¥Ģà¤¯,अ||ररा||ट्र|य,"{""42"": ""अ||ररा||ट्र|य"", ""43"": ""अ||ररा|्ट|र|य"", ""44"": ""अ|||रा||ट्र|य"", ""45"": ""अ|||रा|्ट|र|य"", ""46"": ""अं||रा|्ट्र|य""}"
hi,whitespace_word,श्रृंखला,7,1,5,5,True,à¤¶|à¥įà¤°|à¥ĥà¤Ĥ|à¤ĸà¤²|à¤¾,श|र|ंखला,"{""42"": ""श|र|ंखला"", ""43"": ""श|र|ंखल|"", ""44"": ""श्र|ंख|ा"", ""45"": ""श||र|ंखल|"", ""46"": ""श||र|ंख|ा""}"
hi,whitespace_word,कहा।,6,1,5,5,True,à¤ķà¤¹|à¤¾à¥¤,कह|।,"{""42"": ""कह|।"", ""43"": ""कह||"", ""44"": ""क|||"", ""45"": ""कहा।"", ""46"": ""क|ा|""}"
hi,whitespace_word,घरेलू,5,1,5,5,True,à¤ĺà¤°|à¥ĩà¤²|à¥Ĥ,घ|||लू,"{""42"": ""घ|||लू"", ""43"": ""घ|र|लू"", ""44"": ""घ|र|ल|"", ""45"": ""घ||ल|"", ""46"": ""घर|लू""}"
hi,whitespace_word,पंखों,5,1,5,5,True,à¤ª|à¤Ĥà¤ĸ|à¥ĭà¤Ĥ,प|ख||,"{""42"": ""प|ख||"", ""43"": ""पंख|ं"", ""44"": ""प|ख|ं"", ""45"": ""पं||ं"", ""46"": ""प|||ं""}"
hi,whitespace_word,एसोसिएशन,4,1,5,5,True,à¤ıà¤¸|à¥ĭà¤¸|à¤¿à¤ıà¤¶à¤¨,ए||सि|एश|,"{""42"": ""ए||सि|एश|"", ""43"": ""एसोसि|एशन"", ""44"": ""एस||ि|एशन"", ""45"": ""ए||स||एशन"", ""46"": ""ए||सि|एशन""}"
hi,whitespace_word,संबंधी,4,1,5,5,True,à¤¸|à¤Ĥà¤¬|à¤Ĥà¤§|à¥Ģ,स||ंध|,"{""42"": ""स||ंध|"", ""43"": ""स||ं||"", ""44"": ""स||ंध||"", ""45"": ""संबंध||"", ""46"": ""सं|ंध||""}"
hi,whitespace_word,एफबीआई,3,1,5,5,True,à¤ıà¤«|à¤¬|à¥Ģà¤Ĩà¤Ī,ए|||आ|,"{""42"": ""ए|||आ|"", ""43"": ""ए|||आई"", ""44"": ""ए|ब|आ|"", ""45"": ""एफब|आई"", ""46"": ""एफब|आ|""}"
hi,whitespace_word,कंटेंट,3,1,5,5,True,à¤ķ|à¤Ĥà¤Ł|à¥ĩà¤Ĥ|à¤Ł,क||||ट,"{""42"": ""क||||ट"", ""43"": ""क|ट|ंट"", ""44"": ""कं||ं|"", ""45"": ""कंट|ंट"", ""46"": ""क|||ं|""}"
hi,whitespace_word,चूंकि,3,1,5,5,True,à¤ļ|à¥Ĥà¤Ĥ|à¤ķ|à¤¿,च|ंक|,"{""42"": ""च|ंक|"", ""43"": ""चूं||"", ""44"": ""च||कि"", ""45"": ""च|ं|ि"", ""46"": ""च|ंकि""}"
hi,whitespace_word,परिस्थितियों,3,1,5,5,True,à¤ªà¤°|à¤¿à¤¸|à¥įà¤¥|à¤¿à¤¤|à¤¿à¤¯|à¥ĭà¤Ĥ,प|ि|स्थि|ति|यों,"{""42"": ""प|ि|स्थि|ति|यों"", ""43"": ""परि|स्थि|तियों"", ""44"": ""प|ि|स्थि|तियों"", ""45"": ""परि|स्थि|ति|यों"", ""46"": ""परि|स|थि|ति|यों""}"
hi,whitespace_word,यूनेस्को,3,1,5,5,True,à¤¯|à¥Ĥà¤¨|à¥ĩà¤¸|à¥įà¤ķ|à¥ĭ,य|न|||क|,"{""42"": ""य|न|||क|"", ""43"": ""य||ेस|क|"", ""44"": ""य|न|स|क|"", ""45"": ""य|नेस|क|"", ""46"": ""यून|स|क|""}"
hi,whitespace_word,संगठनात्मक,3,1,5,5,True,à¤¸|à¤Ĥà¤Ĺà¤łà¤¨|à¤¾à¤¤|à¥įà¤®à¤ķ,स||ठ|न||्मक,"{""42"": ""स||ठ|न||्मक"", ""43"": ""स||ठ|ना|्मक"", ""44"": ""सं|||ना|्मक"", ""45"": ""सं|ठ|ना|्मक"", ""46"": ""संगठ|न||्मक""}"
hi,whitespace_word,सहमति,3,1,5,5,True,à¤¸|à¤¹à¤®|à¤¤|à¤¿,सहमति,"{""42"": ""सहमति"", ""43"": ""स||ति"", ""44"": ""सह|ति"", ""45"": ""स|मति"", ""46"": ""स|||ति""}"
hi,whitespace_word,2000,2,1,5,5,True,200|0,20|0|0,"{""42"": ""20|0|0"", ""43"": ""20|00"", ""44"": ""200|0"", ""45"": ""2000"", ""46"": ""2|0|00""}"
hi,whitespace_word,802.11n,2,1,5,5,True,80|2|.|11|n,8|02|.1|1n,"{""42"": ""8|02|.1|1n"", ""43"": ""80|2.1|1n"", ""44"": ""8|0|2.1|1n"", ""45"": ""8|02.1|1n"", ""46"": ""802.1|1n""}"
hi,whitespace_word,आनुवंशिक,2,1,5,5,True,à¤Ĩà¤¨|à¥ģà¤µ|à¤Ĥà¤¶|à¤¿à¤ķ,आ||वंश||क,"{""42"": ""आ||वंश||क"", ""43"": ""आ|ुवं|||क"", ""44"": ""आनुवं|ि|क"", ""45"": ""आ||वं|ि|क"", ""46"": ""आ|ुवं|ि|क""}"
hi,whitespace_word,इंटरएक्टिव,2,1,5,5,True,à¤ĩ|à¤Ĥà¤Łà¤°|à¤ıà¤ķ|à¥įà¤Ł|à¤¿à¤µ,इंटरएक|टि|व,"{""42"": ""इंटरएक|टि|व"", ""43"": ""इ|ंटरए||टि|व"", ""44"": ""इं|रएक|टि|व"", ""45"": ""इ|ंटरएक|टि|व"", ""46"": ""इंटरए||टि|व""}"
hi,whitespace_word,किताबों,2,1,5,5,True,à¤ķ|à¤¿à¤¤|à¤¾à¤¬|à¥ĭà¤Ĥ,किता|ों,"{""42"": ""किता|ों"", ""43"": ""कि|ता|ों"", ""44"": ""क|ता|ों"", ""45"": ""कि|ता||ं"", ""46"": ""क|ता||ं""}"
hi,whitespace_word,जेनेटिक,2,1,5,5,True,à¤ľ|à¥ĩà¤¨|à¥ĩà¤Ł|à¤¿à¤ķ,ज|नेटि|क,"{""42"": ""ज|नेटि|क"", ""43"": ""ज||न|टि|क"", ""44"": ""ज||न||ि|क"", ""45"": ""ज||नेटि|क"", ""46"": ""ज|नेटि||""}"
hi,whitespace_word,ढूँढना,2,1,5,5,True,à¤¢|à¥Ĥà¤ģ|à¤¢à¤¨|à¤¾,ढ||ँ|||ा,"{""42"": ""ढ||ँ|||ा"", ""43"": ""ढ|ँढना"", ""44"": ""ढ|ँढ|ना"", ""45"": ""ढ||ँढ|ना"", ""46"": ""ढ||ँढ||ा""}"
hi,whitespace_word,नीतियों,2,1,5,5,True,à¤¨|à¥Ģà¤¤|à¤¿à¤¯|à¥ĭà¤Ĥ,न||ि|य|ं,"{""42"": ""न||ि|य|ं"", ""43"": ""न|ति|यों"", ""44"": ""न|त|य|ं"", ""45"": ""न|त||य|ं"", ""46"": ""न||||य|ं""}"
hi,whitespace_word,पंजीकरण,2,1,5,5,True,à¤ª|à¤Ĥà¤ľ|à¥Ģà¤ķà¤°à¤£,पं||क|ण,"{""42"": ""पं||क|ण"", ""43"": ""प|ज|क|ण"", ""44"": ""प|||करण"", ""45"": ""पंजीक|ण"", ""46"": ""पं||करण""}"
hi,whitespace_word,फिनलैंड,2,1,5,5,True,à¤«|à¤¿à¤¨à¤²|à¥Īà¤Ĥ|à¤¡,फ||नल||ड,"{""42"": ""फ||नल||ड"", ""43"": ""फ||नल|ं|"", ""44"": ""फि|नल|ं|"", ""45"": ""फ||नल|ंड"", ""46"": ""फि|नल|ंड""}"
hi,whitespace_word,लाइसेंस,2,1,5,5,True,à¤²|à¤¾à¤ĩà¤¸|à¥ĩà¤Ĥ|à¤¸,ला|सेंस,"{""42"": ""ला|सेंस"", ""43"": ""ल||स|ंस"", ""44"": ""ला|स|ंस"", ""45"": ""ल||सेंस"", ""46"": ""ल||सें|""}"
hi,whitespace_word,सपनों,2,1,5,5,True,à¤¸|à¤ªà¤¨|à¥ĭà¤Ĥ,स|||ं,"{""42"": ""स|||ं"", ""43"": ""स|न|ं"", ""44"": ""स|न||"", ""45"": ""सपन||"", ""46"": ""सप|||""}"
hi,whitespace_word,सफलतापूर्वक,2,1,5,5,True,à¤¸à¤«|à¤²à¤¤|à¤¾à¤ª|à¥Ĥà¤°|à¥įà¤µà¤ķ,सफल||||र|वक,"{""42"": ""सफल||||र|वक"", ""43"": ""स||ता|ूर|वक"", ""44"": ""सफल|ा||र|वक"", ""45"": ""स|लता||र|वक"", ""46"": ""स||ता||र|वक""}"
hi,whitespace_word,सामग्रियों,2,1,5,5,True,à¤¸|à¤¾à¤®à¤Ĺ|à¥įà¤°|à¤¿à¤¯|à¥ĭà¤Ĥ,स||ग|रि|यों,"{""42"": ""स||ग|रि|यों"", ""43"": ""स||ग|रिय|ं"", ""44"": ""स||ग|रियों"", ""45"": ""सा|ग|रि|यों"", ""46"": ""सा|ग|रि|य|ं""}"
hi,whitespace_word,सुपरमार्केट,2,1,5,5,True,à¤¸|à¥ģà¤ªà¤°|à¤®|à¤¾à¤°|à¥įà¤ķ|à¥ĩà¤Ł,स|परम||्क|ट,"{""42"": ""स|परम||्क|ट"", ""43"": ""स|परम||्केट"", ""44"": ""स|परमा|्केट"", ""45"": ""स|परमा|्क|ट"", ""46"": ""सुपरमा|्क|ट""}"
hi,whitespace_word,$100,1,1,5,5,True,$|100,$|10|0,"{""42"": ""$|10|0"", ""43"": ""$100"", ""44"": ""$1|0|0"", ""45"": ""$1|00"", ""46"": ""$10|0""}"
hi,whitespace_word,'स्कैंडिनेवियाई',1,1,5,5,True,'|à¤¸|à¥įà¤ķ|à¥Īà¤Ĥ|à¤¡|à¤¿à¤¨|à¥ĩà¤µ|à¤¿à¤¯|à¤¾à¤Ī|','||्क|ंडि|ने|ि|या|',"{""42"": ""'||्क|ंडि|ने|ि|या|'"", ""43"": ""'||्क|ंडि|न||ि|या|'"", ""44"": ""'|स्क|ंडि|न|वि|या|'"", ""45"": ""'|स्क|ंडि|न|विया|'"", ""46"": ""'|स्क|ंडि|न||ि|या|'""}"
hi,whitespace_word,(एसएएनपार्क्स),1,1,5,5,True,(|à¤ıà¤¸|à¤ı|à¤ıà¤¨|à¤ª|à¤¾à¤°|à¥įà¤ķ|à¥įà¤¸|),(|एसए|नप||्क्स),"{""42"": ""(|एसए|नप||्क्स)"", ""43"": ""(|एस||नप||्क|स)"", ""44"": ""(|ए|ए|नप|||क्स)"", ""45"": ""(|ए|||नप||्क्स)"", ""46"": ""(|एसए||प||्क्स)""}"
hi,whitespace_word,(सिर्फ,1,1,5,5,True,(|à¤¸|à¤¿à¤°|à¥įà¤«,(|स|र|फ,"{""42"": ""(|स|र|फ"", ""43"": ""(|स||र|फ"", ""44"": ""(||ि|र|फ"", ""45"": ""(||िर|फ"", ""46"": ""(|सि|र|फ""}"
hi,whitespace_word,(स्टैनफ़ोर्ड,1,1,5,5,True,(|à¤¸|à¥įà¤Ł|à¥Īà¤¨|à¤«|à¤¼à¥ĭ|à¤°|à¥įà¤¡,(|स्ट|नफ||र|ड,"{""42"": ""(|स्ट|नफ||र|ड"", ""43"": ""(|स|ट|नफ||||ड"", ""44"": ""(||्ट|नफ||र|ड"", ""45"": ""(|स|ट|नफ||र|ड"", ""46"": ""(|स|ट|नफ़|र|ड""}"
hi,whitespace_word,"11वीं,",1,1,5,5,True,"11|à¤µ|à¥Ģà¤Ĥ,","11|||ं,","{""42"": ""11|||ं,"", ""43"": ""11वीं,"", ""44"": ""1|1|ीं,"", ""45"": ""1|1व|ं,"", ""46"": ""11व|ं,""}"
hi,whitespace_word,1450),1,1,5,5,True,145|0|),1450),"{""42"": ""1450)"", ""43"": ""1450|)"", ""44"": ""1|45|0)"", ""45"": ""1|450)"", ""46"": ""145|0)""}"
hi,whitespace_word,2002).,1,1,5,5,True,200|2|).,2|002)|.,"{""42"": ""2|002)|."", ""43"": ""2|0|02)."", ""44"": ""2002)."", ""45"": ""20|02)."", ""46"": ""2|00|2).""}"
hi,whitespace_word,293⁄4,1,1,5,5,True,29|3|â|ģ|Ħ|4,29|3⁄4,"{""42"": ""29|3⁄4"", ""43"": ""293|⁄4"", ""44"": ""2|93|⁄4"", ""45"": ""293|4"", ""46"": ""293⁄4""}"
hi,whitespace_word,5वीं,1,1,5,5,True,5|à¤µ|à¥Ģà¤Ĥ,5व|ं,"{""42"": ""5व|ं"", ""43"": ""5वीं"", ""44"": ""5|||ं"", ""45"": ""5|वीं"", ""46"": ""5|ीं""}"
hi,whitespace_word,"755,688",1,1,5,5,True,"75|5|,|6|88","75|5,6|88","{""42"": ""75|5,6|88"", ""43"": ""755|,6|8|8"", ""44"": ""7|5|5,6|88"", ""45"": ""755,6|88"", ""46"": ""75|5,688""}"
hi,whitespace_word,अंग्रेज़ों,1,1,5,5,True,à¤ħ|à¤Ĥà¤Ĺ|à¥įà¤°|à¥ĩà¤ľ|à¤¼à¥ĭà¤Ĥ,अं||र|ज़|ं,"{""42"": ""अं||र|ज़|ं"", ""43"": ""अ|ग|र|ज़|ं"", ""44"": ""अं|्र|ज़|ं"", ""45"": ""अ|||र|ज़ों"", ""46"": ""अं||र|ज़ों""}"
hi,whitespace_word,"अंतर्ज्ञान,",1,1,5,5,True,"à¤ħ|à¤Ĥà¤¤à¤°|à¥įà¤ľ|à¥įà¤ŀ|à¤¾à¤¨|,","अ||र|ज|ञ||,","{""42"": ""अ||र|ज|ञ||,"", ""43"": ""अ||र|ज्ञा|,"", ""44"": ""अं|||ज|ञा|,"", ""45"": ""अ|तर|ज्ञा|,"", ""46"": ""अ||र|ज|ञा|,""}"
hi,whitespace_word,अंतर्निहित,1,1,5,5,True,à¤ħ|à¤Ĥà¤¤à¤°|à¥įà¤¨|à¤¿à¤¹|à¤¿à¤¤,अ|तर|नि|हि|त,"{""42"": ""अ|तर|नि|हि|त"", ""43"": ""अ||||नि|हि|त"", ""44"": ""अ||र|निह||त"", ""45"": ""अ||र|नि|हित"", ""46"": ""अं|र|निह|त""}"
hi,whitespace_word,अनलोडिंग,1,1,5,5,True,à¤ħ|à¤¨à¤²|à¥ĭà¤¡|à¤¿à¤Ĥ|à¤Ĺ,अनल|डि|ंग,"{""42"": ""अनल|डि|ंग"", ""43"": ""अ|ल||ि|ंग"", ""44"": ""अ|||डि|ं|"", ""45"": ""अ|ल|डि|ंग"", ""46"": ""अ|ल|डि|ं|""}"
hi,whitespace_word,अभिनेत्री,1,1,5,5,True,à¤ħà¤Ń|à¤¿à¤¨|à¥ĩà¤¤|à¥įà¤°|à¥Ģ,अ|ि|न||्री,"{""42"": ""अ|ि|न||्री"", ""43"": ""अ|ि|न|त|री"", ""44"": ""अ|ि|न|||री"", ""45"": ""अभि|न|||र|"", ""46"": ""अभिन||्र|""}"
hi,whitespace_word,अलेइस्क,1,1,5,5,True,à¤ħà¤²|à¥ĩà¤ĩ|à¤¸|à¥įà¤ķ,अ||इ|स|क,"{""42"": ""अ||इ|स|क"", ""43"": ""अ||इस|क"", ""44"": ""अ||इ|||क"", ""45"": ""अ||इ|स्क"", ""46"": ""अल|इ|स|क""}"
hi,whitespace_word,असूनचिओन,1,1,5,5,True,à¤ħà¤¸|à¥Ĥà¤¨|à¤ļ|à¤¿à¤ĵ|à¤¨,अस|नचि|ओन,"{""42"": ""अस|नचि|ओन"", ""43"": ""अ|ूनच|ि|ओन"", ""44"": ""अस|नच|ि|ओन"", ""45"": ""अ||नचि|ओन"", ""46"": ""अ||नच|ि|ओन""}"
hi,whitespace_word,"आधारित,",1,1,5,5,True,"à¤Ĩà¤§|à¤¾à¤°|à¤¿à¤¤|,","आधा|ि|त,","{""42"": ""आधा|ि|त,"", ""43"": ""आ|ा|ित,"", ""44"": ""आध|ा|ि|त,"", ""45"": ""आ|ा|ि|त,"", ""46"": ""आ||ा|ि|त,""}"
hi,whitespace_word,आमने-सामने,1,1,5,5,True,à¤Ĩ|à¤®à¤¨|à¥ĩ-|à¤¸|à¤¾à¤®à¤¨|à¥ĩ,आ|न|-|सा|न|,"{""42"": ""आ|न|-|सा|न|"", ""43"": ""आ|न||-|सा|ने"", ""44"": ""आ|न|-|सा|ने"", ""45"": ""आमन|-|सा|ने"", ""46"": ""आ|न|-|सामन|""}"
hi,whitespace_word,इंडोनेशियाई,1,1,5,5,True,à¤ĩ|à¤Ĥà¤¡|à¥ĭà¤¨|à¥ĩà¤¶|à¤¿à¤¯|à¤¾à¤Ī,इ|ंड|न|शि|या|,"{""42"": ""इ|ंड|न|शि|या|"", ""43"": ""इंड|न||ि|या|"", ""44"": ""इ|ंड|न||||या|"", ""45"": ""इंडोन||ि|या|"", ""46"": ""इ|ंड|ने|ि|या|""}"
hi,whitespace_word,इंन्फ़ॉर्मेशन,1,1,5,5,True,à¤ĩ|à¤Ĥà¤¨|à¥įà¤«|à¤¼à¥ī|à¤°|à¥įà¤®|à¥ĩà¤¶à¤¨,इंन|फ़|र|मेश|,"{""42"": ""इंन|फ़|र|मेश|"", ""43"": ""इंन|फ़|र|म|श|"", ""44"": ""इंन|फ़|र|म|शन"", ""45"": ""इ|ंन|फ़|||म|शन"", ""46"": ""इंन्फ़|र|म|शन""}"
hi,whitespace_word,इंसेफेलाइटिस,1,1,5,5,True,à¤ĩ|à¤Ĥà¤¸|à¥ĩà¤«|à¥ĩà¤²|à¤¾à¤ĩà¤Ł|à¤¿à¤¸,इंस|फ|ला|टि|स,"{""42"": ""इंस|फ|ला|टि|स"", ""43"": ""इंसेफ|ला|टिस"", ""44"": ""इ||स|||ला|टि|स"", ""45"": ""इ|ंसेफ|ला|टि|स"", ""46"": ""इ|ंस|फ|ला|टि|स""}"
hi,whitespace_word,इनोवेशन,1,1,5,5,True,à¤ĩà¤¨|à¥ĭà¤µ|à¥ĩà¤¶à¤¨,इ|नोवेश|,"{""42"": ""इ|नोवेश|"", ""43"": ""इ|नोव|शन"", ""44"": ""इन|||श|"", ""45"": ""इ|नोव|श|"", ""46"": ""इनोव|श|""}"
hi,whitespace_word,इन्फ़्लूएंजा,1,1,5,5,True,à¤ĩà¤¨|à¥įà¤«|à¤¼à¥į|à¤²|à¥Ĥà¤ı|à¤Ĥà¤ľ|à¤¾,इ|न|फ़|ल|ए|जा,"{""42"": ""इ|न|फ़|ल|ए|जा"", ""43"": ""इन्फ़|ल|एंजा"", ""44"": ""इ|न|फ़|ल|एं|ा"", ""45"": ""इ|न|फ़|ल|एंजा"", ""46"": ""इ|न|फ़||ल|एंजा""}"
hi,whitespace_word,इस्त्री,1,1,5,5,True,à¤ĩà¤¸|à¥įà¤¤|à¥įà¤°|à¥Ģ,इस|त|र|,"{""42"": ""इस|त|र|"", ""43"": ""इस्त|र|"", ""44"": ""इ|स|त|र|"", ""45"": ""इ||त|र|"", ""46"": ""इस्त|री""}"
hi,whitespace_word,इस्लामिक,1,1,5,5,True,à¤ĩà¤¸|à¥įà¤²|à¤¾à¤®|à¤¿à¤ķ,इस|ला|ि|क,"{""42"": ""इस|ला|ि|क"", ""43"": ""इस्ला|िक"", ""44"": ""इ|स|ला|ि|क"", ""45"": ""इ|स्ला|ि|क"", ""46"": ""इस|ला|िक""}"
hi,whitespace_word,एक्सचेंज़,1,1,5,5,True,à¤ıà¤ķ|à¥įà¤¸à¤ļ|à¥ĩà¤Ĥ|à¤ľ|à¤¼,एक|सच|ं|़,"{""42"": ""एक|सच|ं|़"", ""43"": ""एक|सचेंज़"", ""44"": ""एक|सच|ंज़"", ""45"": ""ए||स|ेंज़"", ""46"": ""एक|स|ें|़""}"
hi,whitespace_word,एचटीटीपी,1,1,5,5,True,à¤ıà¤ļ|à¤Ł|à¥Ģà¤Ł|à¥Ģà¤ª|à¥Ģ,एचटीट|प|,"{""42"": ""एचटीट|प|"", ""43"": ""ए|ट|ीट|प|"", ""44"": ""ए|ट|ट|प|"", ""45"": ""एचट||ट|प|"", ""46"": ""एचट|ट|प|""}"
hi,whitespace_word,एडिटिंग,1,1,5,5,True,à¤ıà¤¡|à¤¿à¤Ł|à¤¿à¤Ĥ|à¤Ĺ,ए|ि|टि|ं|,"{""42"": ""ए|ि|टि|ं|"", ""43"": ""एडि|टि|ंग"", ""44"": ""ए|ि|टि|||"", ""45"": ""ए|ि|टि|ंग"", ""46"": ""एडि|टिंग""}"
hi,whitespace_word,"एडिटिंग,",1,1,5,5,True,"à¤ıà¤¡|à¤¿à¤Ł|à¤¿à¤Ĥ|à¤Ĺ|,","ए|ि|टि|ंग,","{""42"": ""ए|ि|टि|ंग,"", ""43"": ""एडि|टि|ं|,"", ""44"": ""एडि|टि|ंग,"", ""45"": ""एडिटि|ंग,"", ""46"": ""एडि|ट||ंग,""}"
hi,whitespace_word,एनालिसिस,1,1,5,5,True,à¤ıà¤¨|à¤¾à¤²|à¤¿à¤¸|à¤¿à¤¸,ए|ा|ि|स||स,"{""42"": ""ए|ा|ि|स||स"", ""43"": ""एन||ि|सि|स"", ""44"": ""ए|ा|ि|सि|स"", ""45"": ""एना|ि|सि|स"", ""46"": ""ए|ा|िसि|स""}"
hi,whitespace_word,एफआईसी,1,1,5,5,True,à¤ıà¤«|à¤Ĩà¤Īà¤¸|à¥Ģ,ए|आई||,"{""42"": ""ए|आई||"", ""43"": ""एफआ|स|"", ""44"": ""एफआ|||"", ""45"": ""ए|||स|"", ""46"": ""एफ|ईस|""}"
hi,whitespace_word,एयर-कंडीशनर,1,1,5,5,True,à¤ı|à¤¯à¤°|-à¤ķ|à¤Ĥà¤¡|à¥Ģà¤¶à¤¨|à¤°,एयर-|कंड|शनर,"{""42"": ""एयर-|कंड|शनर"", ""43"": ""ए|र-|कंड|शन|"", ""44"": ""एयर-|कंडीशनर"", ""45"": ""एयर-|कंड|श|र"", ""46"": ""एयर-|कंडीश|र""}"
hi,whitespace_word,एलिअन,1,1,5,5,True,à¤ıà¤²|à¤¿à¤|ħ|à¤¨,||||अन,"{""42"": ""||||अन"", ""43"": ""ए|ि|अन"", ""44"": ""एलि|अ|"", ""45"": ""ए|||अ|"", ""46"": ""एल||अन""}"
hi,whitespace_word,एस्टोनियाई,1,1,5,5,True,à¤ıà¤¸|à¥įà¤Ł|à¥ĭà¤¨|à¤¿à¤¯|à¤¾à¤Ī,एस|ट|न||या|,"{""42"": ""एस|ट|न||या|"", ""43"": ""एस|ट|नि|या|"", ""44"": ""ए||ट|नि|या|"", ""45"": ""एस्ट|न||या|"", ""46"": ""ए||ट|न||या|""}"
hi,whitespace_word,"ऐतिहासिक,",1,1,5,5,True,"à¤Ĳ|à¤¤|à¤¿à¤¹|à¤¾à¤¸|à¤¿à¤ķ|,","ऐ|ति|हा|ि|क,","{""42"": ""ऐ|ति|हा|ि|क,"", ""43"": ""ऐ|ति|हा|िक,"", ""44"": ""ऐति|हा|िक,"", ""45"": ""ऐति|हा|ि|क,"", ""46"": ""ऐ||ि|हा|ि|क,""}"
hi,whitespace_word,ऑब्ज़र्वेशन,1,1,5,5,True,à¤ĳ|à¤¬|à¥įà¤ľ|à¤¼à¤°|à¥įà¤µ|à¥ĩà¤¶à¤¨,ऑब|ज़र|व|शन,"{""42"": ""ऑब|ज़र|व|शन"", ""43"": ""ऑब|ज़र|वेशन"", ""44"": ""ऑ|ब|ज़र|व|शन"", ""45"": ""ऑ|ब|ज़र|वेशन"", ""46"": ""ऑ|ब|ज़र|व|श|""}"
hi,whitespace_word,कंटेनर,1,1,5,5,True,à¤ķ|à¤Ĥà¤Ł|à¥ĩà¤¨à¤°,कं||नर,"{""42"": ""कं||नर"", ""43"": ""कंट|नर"", ""44"": ""क|||नर"", ""45"": ""क|ट|नर"", ""46"": ""कं||न|""}"
hi,whitespace_word,कंफेडेरशन,1,1,5,5,True,à¤ķ|à¤Ĥà¤«|à¥ĩà¤¡|à¥ĩà¤°|à¤¶à¤¨,क|फ|ड|रशन,"{""42"": ""क|फ|ड|रशन"", ""43"": ""क|||डेरशन"", ""44"": ""क|फ|ेडेरशन"", ""45"": ""कं||ड|रशन"", ""46"": ""कंफ|ेडेरशन""}"
hi,whitespace_word,कनेक्ट,1,1,5,5,True,à¤ķà¤¨|à¥ĩà¤ķ|à¥įà¤Ł,क||क|ट,"{""42"": ""क||क|ट"", ""43"": ""कने||ट"", ""44"": ""क||||ट"", ""45"": ""||||||ट"", ""46"": ""कन|||ट""}"
hi,whitespace_word,कयोंकि,1,1,5,5,True,à¤ķ|à¤¯|à¥ĭà¤Ĥ|à¤ķ|à¤¿,क|ोंक|,"{""42"": ""क|ोंक|"", ""43"": ""क||ंक|"", ""44"": ""क||ंकि"", ""45"": ""क|||क|"", ""46"": ""क||||ि""}"
hi,whitespace_word,किसिंजर,1,1,5,5,True,à¤ķ|à¤¿à¤¸|à¤¿à¤Ĥ|à¤ľà¤°,कि|सि|ं|र,"{""42"": ""कि|सि|ं|र"", ""43"": ""क|सि|ंजर"", ""44"": ""क|सिंजर"", ""45"": ""क||सि|ं|र"", ""46"": ""क||सि|ंजर""}"
hi,whitespace_word,कैपेचीनो,1,1,5,5,True,à¤ķ|à¥Īà¤ª|à¥ĩà¤ļ|à¥Ģà¤¨|à¥ĭ,क|प|च||नो,"{""42"": ""क|प|च||नो"", ""43"": ""क|||च|न|"", ""44"": ""क|प|चीन|"", ""45"": ""क|||च||न|"", ""46"": ""क|||च||नो""}"
hi,whitespace_word,कैफ़ेनेट,1,1,5,5,True,à¤ķ|à¥Īà¤«|à¤¼à¥ĩ|à¤¨|à¥ĩà¤Ł,क|फ||न||,"{""42"": ""क|फ||न||"", ""43"": ""क|फ||न|ट"", ""44"": ""क|फ़|न|ट"", ""45"": ""क||़||||"", ""46"": ""क|फ़|नेट""}"
hi,whitespace_word,कैरिबियन,1,1,5,5,True,à¤ķ|à¥Īà¤°|à¤¿à¤¬|à¤¿à¤¯à¤¨,कैरि|बि|यन,"{""42"": ""कैरि|बि|यन"", ""43"": ""क|रि|बि|यन"", ""44"": ""क||ि|बि|यन"", ""45"": ""क||िबि|यन"", ""46"": ""क|रिबि|यन""}"
hi,whitespace_word,खगोलशास्त्री,1,1,5,5,True,à¤ĸ|à¤Ĺ|à¥ĭà¤²|à¤¶|à¤¾à¤¸|à¥įà¤¤|à¥įà¤°|à¥Ģ,खग|लशा|्त|र|,"{""42"": ""खग|लशा|्त|र|"", ""43"": ""ख|ोलश||्त|री"", ""44"": ""ख||लशा|्त|री"", ""45"": ""ख||लशा|्त|र|"", ""46"": ""ख||लशा||त|री""}"
hi,whitespace_word,ग्रेचेंगॉर्डेल),1,1,5,5,True,à¤Ĺ|à¥įà¤°|à¥ĩà¤ļ|à¥ĩà¤Ĥ|à¤Ĺ|à¥īà¤°|à¥įà¤¡|à¥ĩà¤²|),ग|र|च|ंग|र|डेल),"{""42"": ""ग|र|च|ंग|र|डेल)"", ""43"": ""ग|र|चेंग|र|डेल)"", ""44"": ""ग|रेचेंग|र|डेल)"", ""45"": ""ग|र|च|ें||र|ड|ल)"", ""46"": ""ग|र|चें||र|डेल)""}"
hi,whitespace_word,"चलेंगे,",1,1,5,5,True,"à¤ļà¤²|à¥ĩà¤Ĥ|à¤Ĺ|à¥ĩ,","चल|े|ग|,","{""42"": ""चल|े|ग|,"", ""43"": ""चल||ग|,"", ""44"": ""चल||||,"", ""45"": ""च||ंग|,"", ""46"": ""चल|ंग|,""}"
hi,whitespace_word,ज़िम्बाब्वे,1,1,5,5,True,à¤ľ|à¤¼à¤¿|à¤®|à¥įà¤¬|à¤¾à¤¬|à¥įà¤µ|à¥ĩ,ज|़ि|म|बा|्व|,"{""42"": ""ज|़ि|म|बा|्व|"", ""43"": ""ज़िम|बा|्व|"", ""44"": ""ज़िम|बा||व|"", ""45"": ""ज़ि|म|बा|्व|"", ""46"": ""ज|़िम|बा||व|""}"
hi,whitespace_word,जोचेमसेन,1,1,5,5,True,à¤ľ|à¥ĭà¤ļ|à¥ĩà¤®|à¤¸|à¥ĩà¤¨,ज|च|म||न,"{""42"": ""ज|च|म||न"", ""43"": ""ज|च||स|न"", ""44"": ""ज|चेमस||न"", ""45"": ""ज||च|मस|न"", ""46"": ""ज|च|मस|न""}"
hi,whitespace_word,टाइटेनियम,1,1,5,5,True,à¤Ł|à¤¾à¤ĩà¤Ł|à¥ĩà¤¨|à¤¿à¤¯à¤®,टा|ट|नि|यम,"{""42"": ""टा|ट|नि|यम"", ""43"": ""ट||ट|नि|यम"", ""44"": ""टा|ट|न||यम"", ""45"": ""टा|टेनि|यम"", ""46"": ""टा|ट|नियम""}"
hi,whitespace_word,डिएगो,1,1,5,5,True,à¤¡|à¤¿à¤ı|à¤Ĺ|à¥ĭ,डि|एग|,"{""42"": ""डि|एग|"", ""43"": ""डि|ए|ो"", ""44"": ""डि|ए||"", ""45"": ""डि|एगो"", ""46"": ""ड||एग|""}"
hi,whitespace_word,डिज़ाइनिंग,1,1,5,5,True,à¤¡|à¤¿à¤ľ|à¤¼à¤¾|à¤ĩà¤¨|à¤¿à¤Ĥ|à¤Ĺ,ड||ज़ा|नि|ंग,"{""42"": ""ड||ज़ा|नि|ंग"", ""43"": ""डि|ज़ा|निं|"", ""44"": ""ड||ज़ा|निं|"", ""45"": ""डि|ज़ा|निंग"", ""46"": ""ड||ज़ा|निंग""}"
hi,whitespace_word,डिन्यूक्लियराइज़ेशन,1,1,5,5,True,à¤¡|à¤¿à¤¨|à¥įà¤¯|à¥Ĥà¤ķ|à¥įà¤²|à¤¿à¤¯à¤°|à¤¾à¤ĩà¤ľ|à¤¼à¥ĩ|à¤¶à¤¨,ड||न|य|क|लि|यरा|ज़|शन,"{""42"": ""ड||न|य|क|लि|यरा|ज़|शन"", ""43"": ""डि|न|य|क|लि|यरा|ज़ेशन"", ""44"": ""डि||य|क|लि|यरा|ज़|शन"", ""45"": ""डि|न्य|क|लि|यरा|ज़|श|"", ""46"": ""ड||न|य|क|लि|यरा|ज़ेशन""}"
hi,whitespace_word,डिब्बे,1,1,5,5,True,à¤¡|à¤¿à¤¬|à¥įà¤¬|à¥ĩ,डिब|ब|,"{""42"": ""डिब|ब|"", ""43"": ""ड||ब|ब|"", ""44"": ""ड||||ब|"", ""45"": ""डि|ब|ब|"", ""46"": ""डि|||ब|""}"
hi,whitespace_word,ड्रग-सूंघने,1,1,5,5,True,à¤¡|à¥įà¤°à¤Ĺ|-à¤¸|à¥Ĥà¤Ĥ|à¤ĺ|à¤¨|à¥ĩ,ड|रग-|सूंघन|,"{""42"": ""ड|रग-|सूंघन|"", ""43"": ""ड|रग-|सूंघ||"", ""44"": ""ड|रग-|सूंघ|न|"", ""45"": ""ड|रग-|सूं||न|"", ""46"": ""ड|रग-|सूंघ|||""}"
hi,whitespace_word,ढकना,1,1,5,5,True,à¤¢|à¤ķà¤¨|à¤¾,ढ||||,"{""42"": ""ढ||||"", ""43"": ""ढकना"", ""44"": ""ढ|क||ा"", ""45"": ""ढ|न|"", ""46"": ""ढ|कना""}"
hi,whitespace_word,ढूँढ़,1,1,5,5,True,à¤¢|à¥Ĥà¤ģ|à¤¢|à¤¼,ढ|ँढ||,"{""42"": ""ढ|ँढ||"", ""43"": ""ढ||ँढ|़"", ""44"": ""ढ|ँ|||"", ""45"": ""ढ|ँढ|"", ""46"": ""ढ|ँढ|़""}"
hi,whitespace_word,ढूंढना,1,1,5,5,True,à¤¢|à¥Ĥà¤Ĥ|à¤¢à¤¨|à¤¾,ढ|ं|||ा,"{""42"": ""ढ|ं|||ा"", ""43"": ""ढ|ंढ||ा"", ""44"": ""ढ||ं|||ा"", ""45"": ""ढ|ंढ|||"", ""46"": ""ढ||ं||ना""}"
hi,whitespace_word,दक्षिण-पश्चिम,1,1,5,5,True,à¤¦|à¤ķ|à¥įà¤·|à¤¿à¤£|-à¤ª|à¤¶|à¥įà¤ļ|à¤¿à¤®,दक्षि|ण-|पश|चि|म,"{""42"": ""दक्षि|ण-|पश|चि|म"", ""43"": ""दक|षि|ण-|पश|चि|म"", ""44"": ""द||षि|ण-|पश|चि|म"", ""45"": ""द||षि|ण-|पश्चि|म"", ""46"": ""दक|षि|ण-|पश्चि|म""}"
hi,whitespace_word,नकारात्मकता।,1,1,5,5,True,à¤¨|à¤ķ|à¤¾à¤°|à¤¾à¤¤|à¥įà¤®à¤ķ|à¤¤|à¤¾à¥¤,नक||ा|्मकता||,"{""42"": ""नक||ा|्मकता||"", ""43"": ""नका|ा|्मक|ा|"", ""44"": ""न|||ा|्मकता|"", ""45"": ""नक||ा|्मकता|"", ""46"": ""नक||ा|्मक|ा|""}"
hi,whitespace_word,नज़रिया,1,1,5,5,True,à¤¨|à¤ľ|à¤¼à¤°|à¤¿à¤¯|à¤¾,न||़रि|या,"{""42"": ""न||़रि|या"", ""43"": ""नज़रि|या"", ""44"": ""नज|़रि|या"", ""45"": ""न|़रि|या"", ""46"": ""नज|़रिया""}"
hi,whitespace_word,नागोर्नो-काराबाख़,1,1,5,5,True,à¤¨|à¤¾à¤Ĺ|à¥ĭà¤°|à¥įà¤¨|à¥ĭ-|à¤ķ|à¤¾à¤°|à¤¾à¤¬|à¤¾à¤ĸ|à¤¼,ना|ोर|नो-|का|ा|ाख़,"{""42"": ""ना|ोर|नो-|का|ा|ाख़"", ""43"": ""न||ोर्नो-|का|ा|ा|़"", ""44"": ""न||ोर|न|-|का|ा|ा|़"", ""45"": ""ना|ोर|नो-|का|ा|ा|़"", ""46"": ""ना|ोर|न|-|का|ा|ा|़""}"
hi,whitespace_word,निशानेबाजों,1,1,5,5,True,à¤¨|à¤¿à¤¶|à¤¾à¤¨|à¥ĩà¤¬|à¤¾à¤ľ|à¥ĭà¤Ĥ,नि|शा|ेबा||ं,"{""42"": ""नि|शा|ेबा||ं"", ""43"": ""नि|शा|े|ा||ं"", ""44"": ""नि|शा|ेबा|ों"", ""45"": ""न||शा|े|ा|ों"", ""46"": ""नि|शा|े|ा|ों""}"
hi,whitespace_word,पंजीकृत,1,1,5,5,True,à¤ª|à¤Ĥà¤ľ|à¥Ģà¤ķ|à¥ĥà¤¤,पं||क|त,"{""42"": ""पं||क|त"", ""43"": ""|ंज|क|त"", ""44"": ""प|||क|त"", ""45"": ""पंज|क|त"", ""46"": ""प|ज|क|त""}"
hi,whitespace_word,पंद्रहवें,1,1,5,5,True,à¤ª|à¤Ĥà¤¦|à¥įà¤°à¤¹|à¤µ|à¥ĩà¤Ĥ,पं||रह||ं,"{""42"": ""पं||रह||ं"", ""43"": ""पंद|रहव|ं"", ""44"": ""पं||रहव|ं"", ""45"": ""प|||रह||ं"", ""46"": ""प|||रहव|ं""}"
hi,whitespace_word,पकड़ना,1,1,5,5,True,à¤ª|à¤ķà¤¡|à¤¼à¤¨|à¤¾,पकड़|ना,"{""42"": ""पकड़|ना"", ""43"": ""प|ड़न|"", ""44"": ""प|ड़ना"", ""45"": ""पक|़ना"", ""46"": ""पकड़ना""}"
hi,whitespace_word,पकड़ने,1,1,5,5,True,à¤ª|à¤ķà¤¡|à¤¼à¤¨|à¥ĩ,||ड़न|,"{""42"": ""||ड़न|"", ""43"": ""प|ड़न|"", ""44"": ""पकड़न|"", ""45"": ""पक|़न|"", ""46"": ""प||़न|""}"
hi,whitespace_word,पगडंडियों,1,1,5,5,True,à¤ª|à¤Ĺà¤¡|à¤Ĥà¤¡|à¤¿à¤¯|à¥ĭà¤Ĥ,पग|डं|||यों,"{""42"": ""पग|डं|||यों"", ""43"": ""प||डंड||य|ं"", ""44"": ""पगडं|||यों"", ""45"": ""पगडंड||य|ं"", ""46"": ""पगडं|||य|ं""}"
hi,whitespace_word,पचने,1,1,5,5,True,à¤ª|à¤ļà¤¨|à¥ĩ,प|न|,"{""42"": ""प|न|"", ""43"": ""पचने"", ""44"": ""पचन|"", ""45"": ""प|ने"", ""46"": ""प||न|""}"
hi,whitespace_word,पड़ोसियों,1,1,5,5,True,à¤ª|à¤¡|à¤¼à¥ĭ|à¤¸|à¤¿à¤¯|à¥ĭà¤Ĥ,प|़||ि|य|ं,"{""42"": ""प|़||ि|य|ं"", ""43"": ""पड़||सि|य|ं"", ""44"": ""प|़|सि|यों"", ""45"": ""पड़|सि|य|ं"", ""46"": ""पड़|सि|यों""}"
hi,whitespace_word,पढ़कर,1,1,5,5,True,à¤ªà¤¢|à¤¼à¤ķà¤°,पढ|़कर,"{""42"": ""पढ|़कर"", ""43"": ""प||़कर"", ""44"": ""प|़कर"", ""45"": ""पढ़|र"", ""46"": ""पढ़क|""}"
hi,whitespace_word,परफ़ॉर्मेंस,1,1,5,5,True,à¤ªà¤°|à¤«|à¤¼à¥ī|à¤°|à¥įà¤®|à¥ĩà¤Ĥ|à¤¸,प|फ़|र|मेंस,"{""42"": ""प|फ़|र|मेंस"", ""43"": ""प|फ़ॉर|म|ंस"", ""44"": ""प|फ़ॉ||म|ंस"", ""45"": ""परफ़ॉर|मेंस"", ""46"": ""परफ़|||मेंस""}"
hi,whitespace_word,पलेर्मो,1,1,5,5,True,à¤ªà¤²|à¥ĩà¤°|à¥įà¤®|à¥ĭ,प||र|म|,"{""42"": ""प||र|म|"", ""43"": ""पल|र्म|"", ""44"": ""पल|र्मो"", ""45"": ""प||र्म|"", ""46"": ""पल|र|मो""}"
hi,whitespace_word,"फ़िल्मों,",1,1,5,5,True,"à¤«|à¤¼à¤¿|à¤²|à¥įà¤®|à¥ĭà¤Ĥ,","फ|||ल|म|ं,","{""42"": ""फ|||ल|म|ं,"", ""43"": ""फ|ि|||म|ं,"", ""44"": ""फ़ि|ल|म|ं,"", ""45"": ""फ|ि|ल|म|ं,"", ""46"": ""फ़िल|म|ं,""}"
hi,whitespace_word,"फ़ुटबॉल,",1,1,5,5,True,"à¤«|à¤¼à¥ģ|à¤Ł|à¤¬|à¥īà¤²|,","फ़||ब||ल,","{""42"": ""फ़||ब||ल,"", ""43"": ""फ़||टब||ल,"", ""44"": ""फ़||ब|ल,"", ""45"": ""फ||टब|ल,"", ""46"": ""फ़|टब|ल,""}"
hi,whitespace_word,फ़ेयरमोंट,1,1,5,5,True,à¤«|à¤¼à¥ĩ|à¤¯à¤°|à¤®|à¥ĭà¤Ĥ|à¤Ł,फ़|||म|ंट,"{""42"": ""फ़|||म|ंट"", ""43"": ""फ़|यरम|ंट"", ""44"": ""फ|||रम|ंट"", ""45"": ""फ़|यरम|ं|"", ""46"": ""फ|||रम|ं|""}"
hi,whitespace_word,फ़ेरी,1,1,5,5,True,à¤«|à¤¼à¥ĩ|à¤°|à¥Ģ,फ||री,"{""42"": ""फ||री"", ""43"": ""फ||र|"", ""44"": ""फ़|||"", ""45"": ""फ||||"", ""46"": ""फ़||ी""}"
hi,whitespace_word,फ़ेलिक्स,1,1,5,5,True,à¤«|à¤¼à¥ĩ|à¤²|à¤¿à¤ķ|à¥įà¤¸,फ़|||ि|क|स,"{""42"": ""फ़|||ि|क|स"", ""43"": ""फ||ल||क|स"", ""44"": ""फ़||||क|स"", ""45"": ""फ|||ि|क|स"", ""46"": ""फ|े|ि|क|स""}"
hi,whitespace_word,फ़ेशियल,1,1,5,5,True,à¤«|à¤¼à¥ĩ|à¤¶|à¤¿à¤¯à¤²,फ||शि|यल,"{""42"": ""फ||शि|यल"", ""43"": ""फ|ेश||यल"", ""44"": ""फ़|श||यल"", ""45"": ""फ़|शि|यल"", ""46"": ""फ़||ि|यल""}"
hi,whitespace_word,फ़ॉर्मूला-1,1,1,5,5,True,à¤«|à¤¼à¥ī|à¤°|à¥įà¤®|à¥Ĥà¤²|à¤¾-|1,फ||||म|ला-|1,"{""42"": ""फ||||म|ला-|1"", ""43"": ""फ||र|म|ला-|1"", ""44"": ""फ|||र|म|ला-|1"", ""45"": ""फ||||मूला-|1"", ""46"": ""फ़|||म|ला-|1""}"
hi,whitespace_word,फ़ॉर्मैटिंग,1,1,5,5,True,à¤«|à¤¼à¥ī|à¤°|à¥įà¤®|à¥Īà¤Ł|à¤¿à¤Ĥ|à¤Ĺ,फ़|||म|टि|ं|,"{""42"": ""फ़|||म|टि|ं|"", ""43"": ""फ़||||मैटिं|"", ""44"": ""फ़|||म|टि|ंग"", ""45"": ""फ||||म|टि|ंग"", ""46"": ""फ||र|म|टि|ंग""}"
hi,whitespace_word,फ़ोटोसिंथेसिस,1,1,5,5,True,à¤«|à¤¼à¥ĭ|à¤Ł|à¥ĭà¤¸|à¤¿à¤Ĥ|à¤¥|à¥ĩà¤¸|à¤¿à¤¸,फ||||सि|ंथ||सि|स,"{""42"": ""फ||||सि|ंथ||सि|स"", ""43"": ""फ़|||सि|ं|||स|स"", ""44"": ""फ़|ट|सि|ंथ|सि|स"", ""45"": ""फ़|ट|सि|ंथ||सि|स"", ""46"": ""फ़|||स||ंथ||सि|स""}"
hi,whitespace_word,फिसलना,1,1,5,5,True,à¤«|à¤¿à¤¸|à¤²à¤¨|à¤¾,फि|सलन|,"{""42"": ""फि|सलन|"", ""43"": ""फि|सलना"", ""44"": ""फि|स|ना"", ""45"": ""फ||स|ना"", ""46"": ""फि|स|न|""}"
hi,whitespace_word,बफ़ेलो-पिट्सबर्ग,1,1,5,5,True,à¤¬|à¤«|à¤¼à¥ĩ|à¤²|à¥ĭ-|à¤ª|à¤¿à¤Ł|à¥įà¤¸|à¤¬à¤°|à¥įà¤Ĺ,बफ़|ल|-|पिट|सबर|ग,"{""42"": ""बफ़|ल|-|पिट|सबर|ग"", ""43"": ""बफ|़|||-|पिट|सबर|ग"", ""44"": ""बफ़ेल|-|पिट|सबर|ग"", ""45"": ""बफ़|||-|पिट|सबर|ग"", ""46"": ""बफ|़ेल|-|पिट|सबर|ग""}"
hi,whitespace_word,बॉर्नियो,1,1,5,5,True,à¤¬|à¥īà¤°|à¥įà¤¨|à¤¿à¤¯|à¥ĭ,ब|र|निय|,"{""42"": ""ब|र|निय|"", ""43"": ""ब|र|नि|य|"", ""44"": ""ब|र|नियो"", ""45"": ""ब||र|नियो"", ""46"": ""ब||र|नि|यो""}"
hi,whitespace_word,मिलीसेकंड्स,1,1,5,5,True,à¤®|à¤¿à¤²|à¥Ģà¤¸|à¥ĩà¤ķ|à¤Ĥà¤¡|à¥įà¤¸,म||ल|सेकंड|स,"{""42"": ""म||ल|सेकंड|स"", ""43"": ""मि|ल|सेक|ड|स"", ""44"": ""मि|ल|स|कंड|स"", ""45"": ""मि|ल|सेकं||स"", ""46"": ""मि|ल|स|कं|्स""}"
hi,whitespace_word,मेरिनेड्स,1,1,5,5,True,à¤®|à¥ĩà¤°|à¤¿à¤¨|à¥ĩà¤¡|à¥įà¤¸,म|रि|ने|्स,"{""42"": ""म|रि|ने|्स"", ""43"": ""म|रि|न|||स"", ""44"": ""म|रि|नेड|स"", ""45"": ""म|रि|न|ड|स"", ""46"": ""म|रि|ने||स""}"
hi,whitespace_word,राजनैतिक,1,1,5,5,True,à¤°|à¤¾à¤ľà¤¨|à¥Īà¤¤|à¤¿à¤ķ,रा|न||ि|क,"{""42"": ""रा|न||ि|क"", ""43"": ""रा|नैतिक"", ""44"": ""रा|नै|िक"", ""45"": ""रा|नैति|क"", ""46"": ""रा|नै|ि|क""}"
hi,whitespace_word,लकड़ियाँ,1,1,5,5,True,à¤²à¤ķ|à¤¡|à¤¼à¤¿|à¤¯|à¤¾à¤ģ,ल|ड|ि|या|,"{""42"": ""ल|ड|ि|या|"", ""43"": ""ल||़ि|या|"", ""44"": ""ल|ड़ि|या|"", ""45"": ""लकड़ि|या|"", ""46"": ""ल||़|ि|या|""}"
hi,whitespace_word,लड़कियों,1,1,5,5,True,à¤²|à¤¡|à¤¼à¤ķ|à¤¿à¤¯|à¥ĭà¤Ĥ,लड़क||य|ं,"{""42"": ""लड़क||य|ं"", ""43"": ""लड़कियों"", ""44"": ""लड़कि|यों"", ""45"": ""लड़क|यों"", ""46"": ""ल|़क|यों""}"
hi,whitespace_word,लिंडन,1,1,5,5,True,à¤²|à¤¿à¤Ĥ|à¤¡|à¤¨,लि|ं|न,"{""42"": ""लि|ं|न"", ""43"": ""ल||ं|न"", ""44"": ""ल||ंडन"", ""45"": ""ल||ंड|"", ""46"": ""लि|ंडन""}"
hi,whitespace_word,लैंडफ़ॉर्म,1,1,5,5,True,à¤²|à¥Īà¤Ĥ|à¤¡|à¤«|à¤¼à¥ī|à¤°|à¥įà¤®,ल|ं|फ||र|म,"{""42"": ""ल|ं|फ||र|म"", ""43"": ""ल|ंडफ़|||म"", ""44"": ""ल|ंडफ|||||म"", ""45"": ""ल|ं|फ|़|||म"", ""46"": ""ल||ं|फ़|र|म""}"
hi,whitespace_word,शक्तियों,1,1,5,5,True,à¤¶à¤ķ|à¥įà¤¤|à¤¿à¤¯|à¥ĭà¤Ĥ,श||ति|यों,"{""42"": ""श||ति|यों"", ""43"": ""शक्तियों"", ""44"": ""श||तियों"", ""45"": ""शक|तिय|ं"", ""46"": ""श||ति|य|ं""}"
hi,whitespace_word,शहर-राज्य,1,1,5,5,True,à¤¶à¤¹à¤°|-à¤°|à¤¾à¤ľ|à¥įà¤¯,शहर-|रा|्य,"{""42"": ""शहर-|रा|्य"", ""43"": ""श||-|रा|्य"", ""44"": ""शह|-|रा|्य"", ""45"": ""श|र-|रा|्य"", ""46"": ""श||र-|रा|्य""}"
hi,whitespace_word,शिक्षार्थियों,1,1,5,5,True,à¤¶|à¤¿à¤ķ|à¥įà¤·|à¤¾à¤°|à¥įà¤¥|à¤¿à¤¯|à¥ĭà¤Ĥ,श||क|षा|्थि|यों,"{""42"": ""श||क|षा|्थि|यों"", ""43"": ""शि|क|षा|्थियों"", ""44"": ""शि|क|षा|्थि|यों"", ""45"": ""श||क|षा|्थिय|ं"", ""46"": ""श||क|षा|्थि|य|ं""}"
hi,whitespace_word,"श्रृंखलाओं,",1,1,5,5,True,"à¤¶|à¥įà¤°|à¥ĥà¤Ĥ|à¤ĸà¤²|à¤¾à¤ĵ|à¤Ĥ,","श||र|ंख|||ं,","{""42"": ""श||र|ंख|||ं,"", ""43"": ""श|र|ंखला|ं,"", ""44"": ""श|र|ंखल||ं,"", ""45"": ""श|र|ंख|||ं,"", ""46"": ""श|र|ंख|ा|ं,""}"
hi,whitespace_word,संग्रहालयों,1,1,5,5,True,à¤¸|à¤Ĥà¤Ĺ|à¥įà¤°à¤¹|à¤¾à¤²à¤¯|à¥ĭà¤Ĥ,सं||रह||य|ं,"{""42"": ""सं||रह||य|ं"", ""43"": ""स|ग|रह||य|ं"", ""44"": ""स|||रह||य|ं"", ""45"": ""सं||रहा|यों"", ""46"": ""सं||रहा|य|ं""}"
hi,whitespace_word,संघर्षों,1,1,5,5,True,à¤¸|à¤Ĥà¤ĺà¤°|à¥įà¤·|à¥ĭà¤Ĥ,स|||||ष|ं,"{""42"": ""स|||||ष|ं"", ""43"": ""स|||र|ष|ं"", ""44"": ""स||र|षों"", ""45"": ""स|घर|ष|ं"", ""46"": ""स||र|ष|ं""}"
hi,whitespace_word,संपत्तियों,1,1,5,5,True,à¤¸|à¤Ĥà¤ªà¤¤|à¥įà¤¤|à¤¿à¤¯|à¥ĭà¤Ĥ,स||त|तियों,"{""42"": ""स||त|तियों"", ""43"": ""स||त|ति|यों"", ""44"": ""सं|त|ति|यों"", ""45"": ""स||त|ति|य|ं"", ""46"": ""स||त|तिय|ं""}"
hi,whitespace_word,संशयवादी,1,1,5,5,True,à¤¸|à¤Ĥà¤¶|à¤¯|à¤µ|à¤¾à¤¦|à¥Ģ,स||य|ा|ी,"{""42"": ""स||य|ा|ी"", ""43"": ""सं|||ा|ी"", ""44"": ""स||||ा|ी"", ""45"": ""स||य|||ी"", ""46"": ""स|श|वा|ी""}"
hi,whitespace_word,संस्थान,1,1,5,5,True,à¤¸|à¤Ĥà¤¸|à¥įà¤¥|à¤¾à¤¨,स|स|था|,"{""42"": ""स|स|था|"", ""43"": ""स|||थ|ा|"", ""44"": ""सं|्था|"", ""45"": ""स|||था|"", ""46"": ""सं||था|""}"
hi,whitespace_word,सफीना,1,1,5,5,True,à¤¸à¤«|à¥Ģà¤¨|à¤¾,स|ीना,"{""42"": ""स|ीना"", ""43"": ""सफ|ना"", ""44"": ""स||न|"", ""45"": ""स||ना"", ""46"": ""स|ीन|""}"
hi,whitespace_word,सहसंबंधित,1,1,5,5,True,à¤¸|à¤¹à¤¸|à¤Ĥà¤¬|à¤Ĥà¤§|à¤¿à¤¤,स||ंबं|ि|त,"{""42"": ""स||ंबं|ि|त"", ""43"": ""सहस||ंध|ि|त"", ""44"": ""स||ंबंधि|त"", ""45"": ""स|संब|ंध|ि|त"", ""46"": ""स|सं||ं|ि|त""}"
hi,whitespace_word,"साइकिलिंग,",1,1,5,5,True,"à¤¸|à¤¾à¤ĩà¤ķ|à¤¿à¤²|à¤¿à¤Ĥ|à¤Ĺ|,","स||कि|लि|ं|,","{""42"": ""स||कि|लि|ं|,"", ""43"": ""स||कि|लि|ंग,"", ""44"": ""सा|किलि|ंग,"", ""45"": ""स||किलि|ंग,"", ""46"": ""स||किलि|ं|,""}"
hi,whitespace_word,सिंहासन,1,1,5,5,True,à¤¸|à¤¿à¤Ĥ|à¤¹|à¤¾à¤¸à¤¨,स||ंह||न,"{""42"": ""स||ंह||न"", ""43"": ""सि|ंह||न"", ""44"": ""स||ं|||न"", ""45"": ""सि|ंहा|न"", ""46"": ""सि|ं|||न""}"
hi,whitespace_word,"सिनेमेटोग्राफ़ी,",1,1,5,5,True,"à¤¸|à¤¿à¤¨|à¥ĩà¤®|à¥ĩà¤Ł|à¥ĭà¤Ĺ|à¥įà¤°|à¤¾à¤«|à¤¼à¥Ģ,","स||नेम|ट|ग|रा|़ी,","{""42"": ""स||नेम|ट|ग|रा|़ी,"", ""43"": ""स||ने||ट|ग|रा|़ी,"", ""44"": ""सि|न|म|ट|ग|रा|़ी,"", ""45"": ""स||न|||ट|ग|रा|़ी,"", ""46"": ""सि|न|||ट|ग|रा|़ी,""}"
hi,whitespace_word,सेंसरी,1,1,5,5,True,à¤¸|à¥ĩà¤Ĥ|à¤¸à¤°|à¥Ģ,सेंस||,"{""42"": ""सेंस||"", ""43"": ""स|ं|||"", ""44"": ""स||सर|"", ""45"": ""स|ंस||"", ""46"": ""स|ंसर|""}"
hi,whitespace_word,सैफिर-सिम्पसन,1,1,5,5,True,à¤¸|à¥Īà¤«|à¤¿à¤°|-à¤¸|à¤¿à¤®|à¥įà¤ª|à¤¸à¤¨,स|फि|र-|सिम|पस|,"{""42"": ""स|फि|र-|सिम|पस|"", ""43"": ""स|फ||र-|सिम|पसन"", ""44"": ""स|फिर-|सिम|पस|"", ""45"": ""सैफि|र-|सिम|पस|"", ""46"": ""स|फिर-|सिम|पसन""}"
hi,whitespace_word,सोचें।,1,1,5,5,True,à¤¸|à¥ĭà¤ļ|à¥ĩà¤Ĥà¥¤,स|च||ं|,"{""42"": ""स|च||ं|"", ""43"": ""स|च||ं।"", ""44"": ""स|च|ें|"", ""45"": ""स|च||।"", ""46"": ""स|च|ें।""}"
hi,whitespace_word,हक़ीक़त,1,1,5,5,True,à¤¹|à¤ķ|à¤¼à¥Ģ|à¤ķ|à¤¼à¤¤,ह|||क|त,"{""42"": ""ह|||क|त"", ""43"": ""हक़|क़त"", ""44"": ""ह|||क़त"", ""45"": ""ह|़|क|त"", ""46"": ""ह|़ीक|त""}"
hi,whitespace_word,हाइपोथर्मिया,1,1,5,5,True,à¤¹|à¤¾à¤ĩà¤ª|à¥ĭà¤¥|à¤°|à¥įà¤®|à¤¿à¤¯|à¤¾,ह||प|थर|मि|या,"{""42"": ""ह||प|थर|मि|या"", ""43"": ""हा|प|थ|र|मि|या"", ""44"": ""ह||प|थ|र्मि|या"", ""45"": ""ह||पोथर|मि|या"", ""46"": ""ह||प|थ|र|मि|या""}"
hi,whitespace_word,“बारिश”,1,1,5,5,True,âĢľ|à¤¬|à¤¾à¤°|à¤¿à¤¶|âĢĿ,“|बारिश”,"{""42"": ""“|बारिश”"", ""43"": ""“|बा|िश”"", ""44"": ""“|बारि|श”"", ""45"": ""“|बा|ि|श”"", ""46"": ""||बा|ि|श”""}"
hi,whitespace_word,सकते,118,1,4,4,True,à¤¸|à¤ķà¤¤|à¥ĩ,सक|े,"{""42"": ""सक|े"", ""43"": ""स|त|"", ""44"": ""सक|े"", ""45"": ""स||े"", ""46"": ""स|||""}"
hi,whitespace_word,किसी,115,1,4,4,True,à¤ķ|à¤¿à¤¸|à¥Ģ,क||स|,"{""42"": ""क||स|"", ""43"": ""क||स|"", ""44"": ""क|सी"", ""45"": ""कि|स|"", ""46"": ""क|स|""}"
hi,whitespace_word,पहले,108,1,4,4,True,à¤ªà¤¹à¤²|à¥ĩ,पहल|,"{""42"": ""पहल|"", ""43"": ""प|ले"", ""44"": ""प|ल|"", ""45"": ""पह||"", ""46"": ""पहल|""}"
hi,whitespace_word,इसलिए,43,1,4,4,True,à¤ĩà¤¸à¤²|à¤¿à¤ı,इसलि|ए,"{""42"": ""इसलि|ए"", ""43"": ""इ|सलि|ए"", ""44"": ""इस|ि|ए"", ""45"": ""इसलि|ए"", ""46"": ""इ|सल||ए""}"
hi,whitespace_word,शायद,25,1,4,4,True,à¤¶|à¤¾à¤¯à¤¦,शा|द,"{""42"": ""शा|द"", ""43"": ""श||द"", ""44"": ""श|ा|द"", ""45"": ""श|||द"", ""46"": ""श||द""}"
hi,whitespace_word,पिछले,24,1,4,4,True,à¤ª|à¤¿à¤Ľà¤²|à¥ĩ,पि|छल|,"{""42"": ""पि|छल|"", ""43"": ""प|छल|"", ""44"": ""प||छल|"", ""45"": ""प||छल|"", ""46"": ""प||छले""}"
hi,whitespace_word,उनका,22,1,4,4,True,à¤īà¤¨à¤ķ|à¤¾,उ|नक|,"{""42"": ""उ|नक|"", ""43"": ""उ|नका"", ""44"": ""उ|नका"", ""45"": ""उनका"", ""46"": ""उनक|""}"
hi,whitespace_word,संस्कृति,22,1,4,4,True,à¤¸|à¤Ĥà¤¸|à¥įà¤ķ|à¥ĥà¤¤|à¤¿,संस|क|ति,"{""42"": ""संस|क|ति"", ""43"": ""स|||क|ति"", ""44"": ""स|स|क|ति"", ""45"": ""स|||क|ति"", ""46"": ""सं||क|ति""}"
hi,whitespace_word,आपके,21,1,4,4,True,à¤Ĩà¤ªà¤ķ|à¥ĩ,आ|क|,"{""42"": ""आ|क|"", ""43"": ""आ|||"", ""44"": ""आप|े"", ""45"": ""आपक|"", ""46"": ""आ|क|""}"
hi,whitespace_word,शताब्दी,21,1,4,4,True,à¤¶à¤¤|à¤¾à¤¬|à¥įà¤¦|à¥Ģ,श|ा|्द|,"{""42"": ""श|ा|्द|"", ""43"": ""शता||द|"", ""44"": ""श||ा|्द|"", ""45"": ""श|ा||द|"", ""46"": ""शता||द|""}"
hi,whitespace_word,आधार,19,1,4,4,True,à¤Ĩà¤§|à¤¾à¤°,आध|ा|,"{""42"": ""आध|ा|"", ""43"": ""आ||ा|"", ""44"": ""आधा|"", ""45"": ""आ|ा|"", ""46"": ""आधा|""}"
hi,whitespace_word,इंटरनेट,16,1,4,4,True,à¤ĩ|à¤Ĥà¤Łà¤°à¤¨|à¥ĩà¤Ł,इंटरन||,"{""42"": ""इंटरन||"", ""43"": ""इंट|ने|"", ""44"": ""इंटरने|"", ""45"": ""इ|ंटरन||"", ""46"": ""इ|ंटरन||""}"
hi,whitespace_word,कंपनी,16,1,4,4,True,à¤ķ|à¤Ĥà¤ªà¤¨|à¥Ģ,क|पन|,"{""42"": ""क|पन|"", ""43"": ""कंपन|"", ""44"": ""क||न|"", ""45"": ""क||न|"", ""46"": ""क||||""}"
hi,whitespace_word,किलोमीटर,16,1,4,4,True,à¤ķ|à¤¿à¤²|à¥ĭà¤®|à¥Ģà¤Łà¤°,क||ल|म|टर,"{""42"": ""क||ल|म|टर"", ""43"": ""किल|म|टर"", ""44"": ""कि|ल|म|टर"", ""45"": ""क||ल|म|टर"", ""46"": ""क||ल|मीटर""}"
hi,whitespace_word,जिन्हें,16,1,4,4,True,à¤ľ|à¤¿à¤¨|à¥įà¤¹|à¥ĩà¤Ĥ,जि|न|ह|ं,"{""42"": ""जि|न|ह|ं"", ""43"": ""जि|न्ह|ं"", ""44"": ""ज|ि|न|ह|ं"", ""45"": ""ज|ि|न्ह|ं"", ""46"": ""जि|न्ह|ं""}"
hi,whitespace_word,अंतर,13,1,4,4,True,à¤ħ|à¤Ĥà¤¤à¤°,अ|तर,"{""42"": ""अ|तर"", ""43"": ""अं|र"", ""44"": ""अ||र"", ""45"": ""अ||र"", ""46"": ""अं||""}"
hi,whitespace_word,पृथ्वी,13,1,4,4,True,à¤ª|à¥ĥà¤¥|à¥įà¤µ|à¥Ģ,प|थ||व|,"{""42"": ""प|थ||व|"", ""43"": ""प|थ|्व|"", ""44"": ""प|थ्व|"", ""45"": ""प|थ|व|"", ""46"": ""प|थ|व|""}"
hi,whitespace_word,जैसा,11,1,4,4,True,à¤ľ|à¥Īà¤¸|à¤¾,जैसा,"{""42"": ""जैसा"", ""43"": ""ज|सा"", ""44"": ""ज||सा"", ""45"": ""ज|सा"", ""46"": ""ज|स|""}"
hi,whitespace_word,एजेंट,10,1,4,4,True,à¤ı|à¤ľ|à¥ĩà¤Ĥ|à¤Ł,एज|ंट,"{""42"": ""एज|ंट"", ""43"": ""ए||ेंट"", ""44"": ""ए|||ट"", ""45"": ""एज|ंट"", ""46"": ""ए||ंट""}"
hi,whitespace_word,पहाड़ी,10,1,4,4,True,à¤ª|à¤¹|à¤¾à¤¡|à¤¼à¥Ģ,प|ा|़ी,"{""42"": ""प|ा|़ी"", ""43"": ""पहा|़|"", ""44"": ""प|ा|़|"", ""45"": ""पहा|़ी"", ""46"": ""पहा|़ी""}"
hi,whitespace_word,कहना,9,1,4,4,True,à¤ķ|à¤¹à¤¨|à¤¾,क|ना,"{""42"": ""क|ना"", ""43"": ""कह|ा"", ""44"": ""क|ना"", ""45"": ""क|न|"", ""46"": ""कहना""}"
hi,whitespace_word,घंटे,9,1,4,4,True,à¤ĺ|à¤Ĥà¤Ł|à¥ĩ,घंट|,"{""42"": ""घंट|"", ""43"": ""घंट|"", ""44"": ""घ||ट|"", ""45"": ""घ|ंट|"", ""46"": ""घ|ट|""}"
hi,whitespace_word,अंतर्राष्ट्रीय,8,1,4,4,True,à¤ħ|à¤Ĥà¤¤à¤°|à¥įà¤°|à¤¾à¤·|à¥įà¤Ł|à¥įà¤°|à¥Ģà¤¯,अ||||रा|्ट्र|य,"{""42"": ""अ||||रा|्ट्र|य"", ""43"": ""अ||र|रा|्ट|र|य"", ""44"": ""अ||र|रा|्ट|र|य"", ""45"": ""अ||र|रा|्ट्र|य"", ""46"": ""अं|||रा|्ट्र|य""}"
hi,whitespace_word,अटलांटिक,8,1,4,4,True,à¤ħ|à¤Łà¤²|à¤¾à¤Ĥ|à¤Ł|à¤¿à¤ķ,अ|ला|टि|क,"{""42"": ""अ|ला|टि|क"", ""43"": ""अटल||टि|क"", ""44"": ""अटला|टि|क"", ""45"": ""अ|ला|टि|क"", ""46"": ""अ|ल||टि|क""}"
hi,whitespace_word,किनारे,8,1,4,4,True,à¤ķ|à¤¿à¤¨|à¤¾à¤°|à¥ĩ,क||ना|े,"{""42"": ""क||ना|े"", ""43"": ""कि|ना|े"", ""44"": ""क|ना|े"", ""45"": ""क||ना|े"", ""46"": ""कि|न||े""}"
hi,whitespace_word,किया।,8,1,4,4,True,à¤ķ|à¤¿à¤¯|à¤¾à¥¤,कि|या।,"{""42"": ""कि|या।"", ""43"": ""क|या।"", ""44"": ""क|या|"", ""45"": ""क||या।"", ""46"": ""कि|या।""}"
hi,whitespace_word,चेतावनी,8,1,4,4,True,à¤ļ|à¥ĩà¤¤|à¤¾à¤µà¤¨|à¥Ģ,च|ता|न|,"{""42"": ""च|ता|न|"", ""43"": ""||ता|न|"", ""44"": ""चेता|न|"", ""45"": ""च||ा|न|"", ""46"": ""च|ता|न|""}"
hi,whitespace_word,पकड़,8,1,4,4,True,à¤ª|à¤ķà¤¡|à¤¼,पकड़,"{""42"": ""पकड़"", ""43"": ""प||़"", ""44"": ""पक|़"", ""45"": ""पक|़"", ""46"": ""पकड|""}"
hi,whitespace_word,करेंगे.,7,1,4,4,True,à¤ķà¤°|à¥ĩà¤Ĥ|à¤Ĺ|à¥ĩ.,कर|ंग|.,"{""42"": ""कर|ंग|."", ""43"": ""क||ंगे."", ""44"": ""क||ंग|."", ""45"": ""क||ंग|."", ""46"": ""क|ेंग|.""}"
hi,whitespace_word,परंपरागत,7,1,4,4,True,à¤ªà¤°|à¤Ĥà¤ªà¤°|à¤¾à¤Ĺà¤¤,परं|रा|त,"{""42"": ""परं|रा|त"", ""43"": ""परं|रा|त"", ""44"": ""प|ंपरा||त"", ""45"": ""परं||ा|त"", ""46"": ""प|ं|रा|त""}"
hi,whitespace_word,फैला,7,1,4,4,True,à¤«|à¥Īà¤²|à¤¾,फ|ला,"{""42"": ""फ|ला"", ""43"": ""फ|ला"", ""44"": ""फैला"", ""45"": ""फ||ा"", ""46"": ""फ|ल|""}"
hi,whitespace_word,सैटेलाइट,7,1,4,4,True,à¤¸|à¥Īà¤Ł|à¥ĩà¤²|à¤¾à¤ĩà¤Ł,स|ट|ल||ट,"{""42"": ""स|ट|ल||ट"", ""43"": ""स|ट|ला|ट"", ""44"": ""स|ट|ला|ट"", ""45"": ""स|||ला|ट"", ""46"": ""स|टेला|ट""}"
hi,whitespace_word,स्थितियों,7,1,4,4,True,à¤¸|à¥įà¤¥|à¤¿à¤¤|à¤¿à¤¯|à¥ĭà¤Ĥ,स|थि|ति|य|ं,"{""42"": ""स|थि|ति|य|ं"", ""43"": ""स्थि|ति|यों"", ""44"": ""स|थि|तिय|ं"", ""45"": ""स|थि|ति|य|ं"", ""46"": ""स्थि|तिय|ं""}"
hi,whitespace_word,इमारतों,6,1,4,4,True,à¤ĩ|à¤®|à¤¾à¤°à¤¤|à¥ĭà¤Ĥ,इमा|त|ं,"{""42"": ""इमा|त|ं"", ""43"": ""इ||ा|त|ं"", ""44"": ""इमा|तों"", ""45"": ""इ|मा|त|ं"", ""46"": ""इमा|त|ं""}"
hi,whitespace_word,जनसंख्या,6,1,4,4,True,à¤ľà¤¨|à¤¸|à¤Ĥà¤ĸ|à¥įà¤¯|à¤¾,ज|नसंख|या,"{""42"": ""ज|नसंख|या"", ""43"": ""ज|नस|||या"", ""44"": ""जनसं||या"", ""45"": ""ज|नसं||या"", ""46"": ""जनसं||या""}"
hi,whitespace_word,ढंग,6,1,4,4,True,à¤¢|à¤Ĥà¤Ĺ,ढ|ग,"{""42"": ""ढ|ग"", ""43"": ""ढ||ग"", ""44"": ""ढ|||"", ""45"": ""ढ|ं|"", ""46"": ""ढ||ग""}"
hi,whitespace_word,मनुष्यों,6,1,4,4,True,à¤®à¤¨|à¥ģà¤·|à¥įà¤¯|à¥ĭà¤Ĥ,मन|ष|य|ं,"{""42"": ""मन|ष|य|ं"", ""43"": ""|||ष|य|ं"", ""44"": ""म||ष|य|ं"", ""45"": ""मन|||य|ं"", ""46"": ""मन|ष|य|ं""}"
hi,whitespace_word,सार्वजनिक,6,1,4,4,True,à¤¸|à¤¾à¤°|à¥įà¤µà¤ľà¤¨|à¤¿à¤ķ,सा|्वज|नि|क,"{""42"": ""सा|्वज|नि|क"", ""43"": ""स||्वजनि|क"", ""44"": ""स||्वजनि|क"", ""45"": ""सा|्वजनि|क"", ""46"": ""सा|्वजनि||""}"
hi,whitespace_word,हाइकिंग,6,1,4,4,True,à¤¹|à¤¾à¤ĩà¤ķ|à¤¿à¤Ĥ|à¤Ĺ,हा|किंग,"{""42"": ""हा|किंग"", ""43"": ""ह||किंग"", ""44"": ""ह||किं|"", ""45"": ""ह||किंग"", ""46"": ""ह||कि|ंग""}"
hi,whitespace_word,2008,5,1,4,4,True,200|8,2|008,"{""42"": ""2|008"", ""43"": ""2008"", ""44"": ""20|0|8"", ""45"": ""20|0|8"", ""46"": ""200|8""}"
hi,whitespace_word,2020,5,1,4,4,True,202|0,2|0|20,"{""42"": ""2|0|20"", ""43"": ""2020"", ""44"": ""2|0|20"", ""45"": ""2|020"", ""46"": ""20|20""}"
hi,whitespace_word,आइसलैंड,5,1,4,4,True,à¤Ĩ|à¤ĩà¤¸à¤²|à¥Īà¤Ĥ|à¤¡,आइ|सल|ं|,"{""42"": ""आइ|सल|ं|"", ""43"": ""आ|सलैंड"", ""44"": ""आ|सल|ंड"", ""45"": ""आ||सल|ंड"", ""46"": ""आ||सल|ंड""}"
hi,whitespace_word,इच्छा,5,1,4,4,True,à¤ĩ|à¤ļ|à¥įà¤Ľ|à¤¾,इ|च्छा,"{""42"": ""इ|च्छा"", ""43"": ""इच्छा"", ""44"": ""इच|छा"", ""45"": ""इ|च|छा"", ""46"": ""इच|छा""}"
hi,whitespace_word,ऑकलैंड,5,1,4,4,True,à¤ĳ|à¤ķà¤²|à¥Īà¤Ĥ|à¤¡,ऑ|कलैंड,"{""42"": ""ऑ|कलैंड"", ""43"": ""ऑकल|ंड"", ""44"": ""ऑ|कलैंड"", ""45"": ""ऑ|कल|ंड"", ""46"": ""ऑ|कल|ं|""}"
hi,whitespace_word,कैलिफोर्निया,5,1,4,4,True,à¤ķ|à¥Īà¤²|à¤¿à¤«|à¥ĭà¤°|à¥įà¤¨|à¤¿à¤¯|à¤¾,क|लि|फ|र|नि|या,"{""42"": ""क|लि|फ|र|नि|या"", ""43"": ""क|ल||फ|||नि|या"", ""44"": ""क|लि|फ|र|नि|या"", ""45"": ""क||||फ|र|नि|या"", ""46"": ""क||ि|फ|र|नि|या""}"
hi,whitespace_word,पढ़ने,5,1,4,4,True,à¤ªà¤¢|à¤¼à¤¨|à¥ĩ,प|़न|,"{""42"": ""प|़न|"", ""43"": ""पढ|़न|"", ""44"": ""प||़न|"", ""45"": ""पढ़न|"", ""46"": ""पढ़न|""}"
hi,whitespace_word,राजनीतिक,5,1,4,4,True,à¤°|à¤¾à¤ľà¤¨|à¥Ģà¤¤|à¤¿à¤ķ,रा|नीतिक,"{""42"": ""रा|नीतिक"", ""43"": ""रा|न|त|क"", ""44"": ""रा|नीतिक"", ""45"": ""रा|नीत|क"", ""46"": ""रा|न|ति|क""}"
hi,whitespace_word,संचालित,5,1,4,4,True,à¤¸|à¤Ĥà¤ļ|à¤¾à¤²|à¤¿à¤¤,स|||ा|ि|त,"{""42"": ""स|||ा|ि|त"", ""43"": ""स|||ा|ित"", ""44"": ""स||ा|ि|त"", ""45"": ""सं||ा|ि|त"", ""46"": ""सं||ा|ि|त""}"
hi,whitespace_word,संबंधों,5,1,4,4,True,à¤¸|à¤Ĥà¤¬|à¤Ĥà¤§|à¥ĭà¤Ĥ,सं|ंध|ं,"{""42"": ""सं|ंध|ं"", ""43"": ""स||ंध|ं"", ""44"": ""स|बंध|ं"", ""45"": ""संबंध|ं"", ""46"": ""सं|ंध|ं""}"
hi,whitespace_word,संस्कृत,5,1,4,4,True,à¤¸|à¤Ĥà¤¸|à¥įà¤ķ|à¥ĥà¤¤,स|स|क|त,"{""42"": ""स|स|क|त"", ""43"": ""सं||क|त"", ""44"": ""संस्क|त"", ""45"": ""संस|क|त"", ""46"": ""संस|क|त""}"
hi,whitespace_word,सहमत,5,1,4,4,True,à¤¸|à¤¹à¤®|à¤¤,सह||त,"{""42"": ""सह||त"", ""43"": ""स|म|त"", ""44"": ""सह|त"", ""45"": ""स|मत"", ""46"": ""स|मत""}"
