text,count,langs,bpe_unique_signatures,fxt_unique_signatures,most_common_bpe,most_common_fxt,fxt_seed_signature_count
"On Monday, scientists from the Stanford University School of Medicine announced the invention of a new diagnostic tool that can sort cells by type: a tiny printable chip that can be manufactured using standard inkjet printers for possibly about one U.S. cent each.",1,{'en': 1},1,1,"On|ĠMonday|,|Ġscientists|Ġfrom|Ġthe|ĠStan|ford|ĠUniversity|ĠSchool|Ġof|ĠMedicine|Ġannounced|Ġthe|Ġinvention|Ġof|Ġa|Ġnew|Ġdiagnost|ic|Ġtool|Ġthat|Ġcan|Ġsort|Ġcells|Ġby|Ġtype|:|Ġa|Ġtiny|Ġprint|able|Ġchip|Ġthat|Ġcan|Ġbe|Ġmanufact|ured|Ġusing|Ġstandard|Ġin|k|jet|Ġprint|ers|Ġfor|Ġpossibly|Ġabout|Ġone|ĠU|.S|.|Ġcent|Ġeach|.",<ERROR>,1
Fish often die because of the high concentrations of the toxin in the waters.,1,{'en': 1},1,1,F|ish|Ġoften|Ġdie|Ġbecause|Ġof|Ġthe|Ġhigh|Ġconcentr|ations|Ġof|Ġthe|Ġtox|in|Ġin|Ġthe|Ġwaters|.,<ERROR>,1
Many of their writers have gone on to wield great influence on Jon Stewart and Stephen Colbert's news parody shows.,1,{'en': 1},1,1,Many|Ġof|Ġtheir|Ġwriters|Ġhave|Ġgone|Ġon|Ġto|Ġw|ield|Ġgreat|Ġinfluence|Ġon|ĠJon|ĠStewart|Ġand|ĠStephen|ĠCol|bert|'s|Ġnews|Ġpar|ody|Ġshows|.,<ERROR>,1
The artistic event is also part of a campaign by the Bucharest City Hall that seeks to relaunch the image of the Romanian capital as a creative and colourful metropolis.,1,{'en': 1},1,1,The|Ġart|istic|Ġevent|Ġis|Ġalso|Ġpart|Ġof|Ġa|Ġcampaign|Ġby|Ġthe|ĠB|uch|ar|est|ĠCity|ĠHall|Ġthat|Ġsee|ks|Ġto|Ġrela|unch|Ġthe|Ġimage|Ġof|Ġthe|ĠRoman|ian|Ġcapital|Ġas|Ġa|Ġcreative|Ġand|Ġcolour|ful|Ġmet|ropol|is|.,<ERROR>,1
"The city will be the first in southeastern Europe to host CowParade, the world's largest public art event, between June and August this year.",1,{'en': 1},1,1,"The|Ġcity|Ġwill|Ġbe|Ġthe|Ġfirst|Ġin|Ġsout|he|as|tern|ĠEurope|Ġto|Ġhost|ĠCow|Par|ade|,|Ġthe|Ġworld|'s|Ġlargest|Ġpublic|Ġart|Ġevent|,|Ġbetween|ĠJune|Ġand|ĠAugust|Ġthis|Ġyear|.",<ERROR>,1
Today's announcement also extended the government's commitment made in March of this year to fund extra carriages.,1,{'en': 1},1,1,Today|'s|Ġannouncement|Ġalso|Ġextended|Ġthe|Ġgovernment|'s|Ġcommitment|Ġmade|Ġin|ĠMarch|Ġof|Ġthis|Ġyear|Ġto|Ġfund|Ġextra|Ġcar|ri|ages|.,<ERROR>,1
"An additional 300 brings the total to 1,300 carriages to be acquired to relieve overcrowding.",1,{'en': 1},1,1,"An|Ġadditional|Ġ|300|Ġbrings|Ġthe|Ġtotal|Ġto|Ġ|1|,|300|Ġcar|ri|ages|Ġto|Ġbe|Ġacquired|Ġto|Ġrel|ieve|Ġover|c|row|ding|.",<ERROR>,1
"Christopher Garcia, a spokesperson of the Los Angeles Police Department, said the suspected male offender is being investigated for trespassing rather than vandalism.",1,{'en': 1},1,1,"Christ|opher|ĠGar|cia|,|Ġa|Ġspokes|person|Ġof|Ġthe|ĠLos|ĠAngeles|ĠPolice|ĠDepartment|,|Ġsaid|Ġthe|Ġsuspect|ed|Ġmale|Ġoff|ender|Ġis|Ġbeing|Ġinvestig|ated|Ġfor|Ġtres|pass|ing|Ġrather|Ġthan|Ġv|andal|ism|.",<ERROR>,1
"The sign was not physically damaged; the modification was done using black tarpaulins decorated with signs of peace and heart to alter the ""O"" to read lowercase ""e"".",1,{'en': 1},1,1,"The|Ġsign|Ġwas|Ġnot|Ġphys|ically|Ġdam|aged|;|Ġthe|Ġmod|ification|Ġwas|Ġdone|Ġusing|Ġblack|Ġtar|pa|ul|ins|Ġdecor|ated|Ġwith|Ġsigns|Ġof|Ġpeace|Ġand|Ġheart|Ġto|Ġalter|Ġthe|Ġ""|O|""|Ġto|Ġread|Ġlower|case|Ġ""|e|"".",<ERROR>,1
"Red tide is caused by a higher than normal concentration of Karenia brevis, a naturally-occurring single-celled marine organism.",1,{'en': 1},1,1,"Red|Ġt|ide|Ġis|Ġcaused|Ġby|Ġa|Ġhigher|Ġthan|Ġnormal|Ġconcentr|ation|Ġof|ĠK|aren|ia|Ġbre|vis|,|Ġa|Ġnaturally|-|oc|curr|ing|Ġsingle|-|cell|ed|Ġmar|ine|Ġorgan|ism|.",<ERROR>,1
"Natural factors can intersect to produce ideal conditions, allowing this algae to increase in number dramatically.",1,{'en': 1},1,1,"N|atural|Ġfactors|Ġcan|Ġinters|ect|Ġto|Ġproduce|Ġideal|Ġconditions|,|Ġallowing|Ġthis|Ġal|ga|e|Ġto|Ġincrease|Ġin|Ġnumber|Ġdram|atically|.",<ERROR>,1
The algae produces a neurotoxin that can disable nerves in both humans and fish.,1,{'en': 1},1,1,The|Ġal|ga|e|Ġprodu|ces|Ġa|Ġneuro|to|x|in|Ġthat|Ġcan|Ġdis|able|Ġnerv|es|Ġin|Ġboth|Ġhumans|Ġand|Ġfish|.,<ERROR>,1
Humans can be affected by breathing affected water taken into the air by wind and waves.,1,{'en': 1},1,1,H|um|ans|Ġcan|Ġbe|Ġaffected|Ġby|Ġbreat|hing|Ġaffected|Ġwater|Ġtaken|Ġinto|Ġthe|Ġair|Ġby|Ġwind|Ġand|Ġw|aves|.,<ERROR>,1
"Lead researchers say this may bring early detection of cancer, tuberculosis, HIV and malaria to patients in low-income countries, where the survival rates for illnesses such as breast cancer can be half those of richer countries.",1,{'en': 1},1,1,"L|ead|Ġresearchers|Ġsay|Ġthis|Ġmay|Ġbring|Ġearly|Ġdete|ction|Ġof|Ġcancer|,|Ġtub|er|culos|is|,|ĠHIV|Ġand|Ġmal|aria|Ġto|Ġpatients|Ġin|Ġlow|-in|come|Ġcountries|,|Ġwhere|Ġthe|Ġsurvival|Ġrates|Ġfor|Ġillness|es|Ġsuch|Ġas|Ġbreast|Ġcancer|Ġcan|Ġbe|Ġhalf|Ġthose|Ġof|Ġrich|er|Ġcountries|.",<ERROR>,1
"At its peak, Tropical Cyclone Gonu, named for a bag of palm leaves in the language of the Maldives, reached sustained winds of 240 kilometers an hour (149 miles per hour) .",1,{'en': 1},1,1,"At|Ġits|Ġpeak|,|ĠT|rop|ical|ĠCy|cl|one|ĠG|on|u|,|Ġnamed|Ġfor|Ġa|Ġbag|Ġof|Ġpal|m|Ġleaves|Ġin|Ġthe|Ġlanguage|Ġof|Ġthe|ĠMal|d|ives|,|Ġreached|Ġsus|tained|Ġwind|s|Ġof|Ġ|240|Ġkil|omet|ers|Ġan|Ġhour|Ġ(|149|Ġmiles|Ġper|Ġhour|)|Ġ.",<ERROR>,1
"By early today, winds were around 83 km/h, and it was expect to keep weakening.",1,{'en': 1},1,1,"By|Ġearly|Ġtoday|,|Ġwind|s|Ġwere|Ġaround|Ġ|83|Ġkm|/h|,|Ġand|Ġit|Ġwas|Ġexpect|Ġto|Ġkeep|Ġwe|aken|ing|.",<ERROR>,1
"On Wednesday, the United States' National Basketball Association (NBA) suspended its professional basketball season due to concerns regarding COVID-19.",1,{'en': 1},1,1,"On|ĠWednesday|,|Ġthe|ĠUnited|ĠStates|'|ĠNational|ĠBas|ket|ball|ĠAssociation|Ġ(|N|BA|)|Ġsuspend|ed|Ġits|Ġprofessional|Ġbasketball|Ġseason|Ġdue|Ġto|Ġconcerns|Ġregarding|ĠCOVID|-|19|.",<ERROR>,1
The NBA's decision followed a Utah Jazz player testing positive for the COVID-19 virus.,1,{'en': 1},1,1,The|ĠNBA|'s|Ġdecision|Ġfollowed|Ġa|ĠUtah|ĠJazz|Ġplayer|Ġtesting|Ġpositive|Ġfor|Ġthe|ĠCOVID|-|19|Ġvirus|.,<ERROR>,1
"""Based on this fossil, that means the split is much earlier than has been anticipated by the molecular evidence.",1,{'en': 1},1,1,"""|B|ased|Ġon|Ġthis|Ġf|oss|il|,|Ġthat|Ġmeans|Ġthe|Ġsplit|Ġis|Ġmuch|Ġearlier|Ġthan|Ġhas|Ġbeen|Ġanticip|ated|Ġby|Ġthe|Ġmole|cular|Ġevidence|.",<ERROR>,1
"That means everything has to be put back,"" said researcher at the Rift Valley Research Service in Ethiopia and a co-author of the study, Berhane Asfaw.",1,{'en': 1},1,1,"That|Ġmeans|Ġeverything|Ġhas|Ġto|Ġbe|Ġput|Ġback|,""|Ġsaid|Ġresearch|er|Ġat|Ġthe|ĠR|ift|ĠValley|ĠResearch|ĠService|Ġin|ĠEth|io|p|ia|Ġand|Ġa|Ġco|-|aut|hor|Ġof|Ġthe|Ġstudy|,|ĠBer|h|ane|ĠAs|f|aw|.",<ERROR>,1
"Until now, AOL has been able to move and develop the IM market at its own pace, due to its widespread use within the United States.",1,{'en': 1},1,1,"Un|til|Ġnow|,|ĠA|OL|Ġhas|Ġbeen|Ġable|Ġto|Ġmove|Ġand|Ġdevelop|Ġthe|ĠIM|Ġmarket|Ġat|Ġits|Ġown|Ġpace|,|Ġdue|Ġto|Ġits|Ġw|ides|p|read|Ġuse|Ġwithin|Ġthe|ĠUnited|ĠStates|.",<ERROR>,1
"With this arrangement in place, this freedom might end.",1,{'en': 1},1,1,"With|Ġthis|Ġarrang|ement|Ġin|Ġplace|,|Ġthis|Ġfreedom|Ġmight|Ġend|.",<ERROR>,1
The number of users of the Yahoo! and Microsoft services combined will rival the number of AOL's customers.,1,{'en': 1},1,1,The|Ġnumber|Ġof|Ġusers|Ġof|Ġthe|ĠYahoo|!|Ġand|ĠMicrosoft|Ġservices|Ġcombined|Ġwill|Ġrival|Ġthe|Ġnumber|Ġof|ĠA|OL|'s|Ġcustomers|.,<ERROR>,1
The Northern Rock bank had been nationalised in 2008 following the revelation that the company had received emergency support from the UK Government.,1,{'en': 1},1,1,The|ĠNorthern|ĠRock|Ġbank|Ġhad|Ġbeen|Ġnational|ised|Ġin|Ġ|200|8|Ġfollowing|Ġthe|Ġrevel|ation|Ġthat|Ġthe|Ġcompany|Ġhad|Ġreceived|Ġemergency|Ġsupport|Ġfrom|Ġthe|ĠUK|ĠGovernment|.,<ERROR>,1
Al Gore and General Tommy Franks casually rattle off their favorite headlines (Gore's was when The Onion reported he and Tipper were having the best sex of their lives after his 2000 Electoral College defeat).,1,{'en': 1},1,1,Al|ĠG|ore|Ġand|ĠGeneral|ĠTom|my|ĠFran|ks|Ġcas|ually|Ġrat|tle|Ġoff|Ġtheir|Ġfavorite|Ġhead|lines|Ġ(|G|ore|'s|Ġwas|Ġwhen|ĠThe|ĠOn|ion|Ġreported|Ġhe|Ġand|ĠT|ipper|Ġwere|Ġhaving|Ġthe|Ġbest|Ġsex|Ġof|Ġtheir|Ġlives|Ġafter|Ġhis|Ġ|200|0|ĠElect|oral|ĠCollege|Ġdefeat|).,<ERROR>,1
"Since its inception, The Onion has become a veritable news parody empire, with a print edition, a website that drew 5,000,000 unique visitors in the month of October, personal ads, a 24 hour news network, podcasts, and a recently launched world atlas called Our Dumb World.",1,{'en': 1},1,1,"Since|Ġits|Ġin|ception|,|ĠThe|ĠOn|ion|Ġhas|Ġbecome|Ġa|Ġver|itable|Ġnews|Ġpar|ody|Ġemp|ire|,|Ġwith|Ġa|Ġprint|Ġedition|,|Ġa|Ġwebsite|Ġthat|Ġd|rew|Ġ|5|,|000|,|000|Ġunique|Ġvisitors|Ġin|Ġthe|Ġmonth|Ġof|ĠOctober|,|Ġpersonal|Ġads|,|Ġa|Ġ|24|Ġhour|Ġnews|Ġnetwork|,|Ġpodcast|s|,|Ġand|Ġa|Ġrecently|Ġlaunched|Ġworld|Ġat|las|Ġcalled|ĠOur|ĠD|umb|ĠWorld|.",<ERROR>,1
"Long before The Daily Show and The Colbert Report, Heck and Johnson envisioned a publication that would parody the news—and news reporting—when they were students at UW in 1988.",1,{'en': 1},1,1,"L|ong|Ġbefore|ĠThe|ĠDaily|ĠShow|Ġand|ĠThe|ĠCol|bert|ĠReport|,|ĠH|eck|Ġand|ĠJohnson|Ġen|vision|ed|Ġa|Ġpublication|Ġthat|Ġwould|Ġpar|ody|Ġthe|Ġnews|âĢĶand|Ġnews|Ġreporting|âĢĶ|wh|en|Ġthey|Ġwere|Ġstudents|Ġat|ĠU|W|Ġin|Ġ|198|8|.",<ERROR>,1
"The U.S. says it has received information from an undisclosed source that specifically mentions the use of suicide bombers to will blow up ""prominent landmarks"" in Ethiopia and Kenya.",1,{'en': 1},1,1,"The|ĠU|.S|.|Ġsays|Ġit|Ġhas|Ġreceived|Ġinformation|Ġfrom|Ġan|Ġun|dis|closed|Ġsource|Ġthat|Ġspecifically|Ġment|ions|Ġthe|Ġuse|Ġof|Ġsuici|de|Ġbomb|ers|Ġto|Ġwill|Ġblow|Ġup|Ġ""|p|rom|in|ent|Ġland|mar|ks|""|Ġin|ĠEth|io|p|ia|Ġand|ĠKen|ya|.",<ERROR>,1
"Another secondary containment area below the tanks capable of holding 104,500 barrels was not yet filled to capacity.",1,{'en': 1},1,1,"Another|Ġsecondary|Ġcontain|ment|Ġarea|Ġbelow|Ġthe|Ġtan|ks|Ġcapable|Ġof|Ġholding|Ġ|104|,|500|Ġbar|rel|s|Ġwas|Ġnot|Ġyet|Ġfilled|Ġto|Ġcapacity|.",<ERROR>,1
"The comments, live on television, were the first time that senior Iranian sources have admitted that the sanctions are having any effect.",1,{'en': 1},1,1,"The|Ġcomments|,|Ġlive|Ġon|Ġtelevision|,|Ġwere|Ġthe|Ġfirst|Ġtime|Ġthat|Ġsenior|ĠIran|ian|Ġsources|Ġhave|Ġadmitted|Ġthat|Ġthe|Ġsan|ctions|Ġare|Ġhaving|Ġany|Ġeffect|.",<ERROR>,1
"They include financial restrictions and a ban by the European Union on the export of crude oil, from which the Iranian economy receives 80% of its foreign income.",1,{'en': 1},1,1,"They|Ġinclude|Ġfinancial|Ġrestrictions|Ġand|Ġa|Ġban|Ġby|Ġthe|ĠEuropean|ĠUnion|Ġon|Ġthe|Ġexport|Ġof|Ġcr|ude|Ġoil|,|Ġfrom|Ġwhich|Ġthe|ĠIran|ian|Ġeconomy|Ġrece|ives|Ġ|80|%|Ġof|Ġits|Ġforeign|Ġincome|.",<ERROR>,1
"In its most recent monthly report, OPEC said exports of crude had fallen to their lowest level for two decades at 2.8 million barrels per day.",1,{'en': 1},1,1,"In|Ġits|Ġmost|Ġrecent|Ġmonthly|Ġreport|,|ĠOP|EC|Ġsaid|Ġex|ports|Ġof|Ġcr|ude|Ġhad|Ġfall|en|Ġto|Ġtheir|Ġlowest|Ġlevel|Ġfor|Ġtwo|Ġdecades|Ġat|Ġ|2|.|8|Ġmillion|Ġbar|rel|s|Ġper|Ġday|.",<ERROR>,1
"The country's supreme leader, Ayatollah Ali Khamenei, has described the dependency on oil as ""a trap"" dating from before Iran's Islamic revolution in 1979 and from which the country should free itself.",1,{'en': 1},1,1,"The|Ġcountry|'s|Ġsup|reme|Ġleader|,|ĠAy|at|ol|lah|ĠAli|ĠK|ham|ene|i|,|Ġhas|Ġdescribed|Ġthe|Ġdepend|ency|Ġon|Ġoil|Ġas|Ġ""|a|Ġtra|p|""|Ġdating|Ġfrom|Ġbefore|ĠIran|'s|ĠIslamic|Ġrevolution|Ġin|Ġ|197|9|Ġand|Ġfrom|Ġwhich|Ġthe|Ġcountry|Ġshould|Ġfree|Ġitself|.",<ERROR>,1
"When the capsule gets to Earth and enters the atmosphere, at about 5am (eastern time), it is expected to put on quite a light show for folks in Northern California, Oregon, Nevada, and Utah.",1,{'en': 1},1,1,"When|Ġthe|Ġcap|s|ule|Ġgets|Ġto|ĠEarth|Ġand|Ġent|ers|Ġthe|Ġatmosphere|,|Ġat|Ġabout|Ġ|5|am|Ġ(|e|as|tern|Ġtime|),|Ġit|Ġis|Ġexpected|Ġto|Ġput|Ġon|Ġquite|Ġa|Ġlight|Ġshow|Ġfor|Ġfolks|Ġin|ĠNorthern|ĠCalifornia|,|ĠOregon|,|ĠNe|vada|,|Ġand|ĠUtah|.",<ERROR>,1
The capsule will look much like a shooting star going across the sky.,1,{'en': 1},1,1,The|Ġcap|s|ule|Ġwill|Ġlook|Ġmuch|Ġlike|Ġa|Ġshooting|Ġstar|Ġgoing|Ġacross|Ġthe|Ġsky|.,<ERROR>,1
"The capsule will be traveling at about 12.8 km or 8 miles per second, fast enough to go from San Francisco to Los Angeles in one minute.",1,{'en': 1},1,1,"The|Ġcap|s|ule|Ġwill|Ġbe|Ġtraveling|Ġat|Ġabout|Ġ|12|.|8|Ġkm|Ġor|Ġ|8|Ġmiles|Ġper|Ġsecond|,|Ġfast|Ġenough|Ġto|Ġgo|Ġfrom|ĠSan|ĠFrancisco|Ġto|ĠLos|ĠAngeles|Ġin|Ġone|Ġminute|.",<ERROR>,1
"Stardust will set a new all-time record for being the fastest spacecraft to return to Earth, breaking the previous record set in May of 1969 during the return of the Apollo X command module.",1,{'en': 1},1,1,"St|ard|ust|Ġwill|Ġset|Ġa|Ġnew|Ġall|-time|Ġrecord|Ġfor|Ġbeing|Ġthe|Ġfast|est|Ġspace|craft|Ġto|Ġreturn|Ġto|ĠEarth|,|Ġbreaking|Ġthe|Ġprevious|Ġrecord|Ġset|Ġin|ĠMay|Ġof|Ġ|196|9|Ġduring|Ġthe|Ġreturn|Ġof|Ġthe|ĠAp|ol|lo|ĠX|Ġcommand|Ġmod|ule|.",<ERROR>,1
"“It will move over the west coast of northern California and will light the sky from California through central Oregon and on through Nevada and Idaho and into Utah,” Tom Duxbury, Stardust's project manager said.",1,{'en': 1},1,1,"âĢľIt|Ġwill|Ġmove|Ġover|Ġthe|Ġwest|Ġcoast|Ġof|Ġnorthern|ĠCalifornia|Ġand|Ġwill|Ġlight|Ġthe|Ġsky|Ġfrom|ĠCalifornia|Ġthrough|Ġcentral|ĠOregon|Ġand|Ġon|Ġthrough|ĠNe|vada|Ġand|ĠI|da|ho|Ġand|Ġinto|ĠUtah|,âĢĿ|ĠTom|ĠD|ux|bury|,|ĠSt|ard|ust|'s|Ġproject|Ġmanager|Ġsaid|.",<ERROR>,1
"Mr. Rudd's decision to sign the Kyoto climate accord isolates the United States, which will now be the only developed nation not to ratify the agreement.",1,{'en': 1},1,1,"Mr|.|ĠR|ud|d|'s|Ġdecision|Ġto|Ġsign|Ġthe|ĠKy|oto|Ġclimate|Ġaccord|Ġisol|ates|Ġthe|ĠUnited|ĠStates|,|Ġwhich|Ġwill|Ġnow|Ġbe|Ġthe|Ġonly|Ġdeveloped|Ġnation|Ġnot|Ġto|Ġrat|ify|Ġthe|Ġagreement|.",<ERROR>,1
"Australia's former conservative government refused to ratify Kyoto, saying it would damage the economy with its heavy reliance on coal exports, while countries like India and China were not bound by emissions targets.",1,{'en': 1},1,1,"A|ustr|alia|'s|Ġformer|Ġconservative|Ġgovernment|Ġrefused|Ġto|Ġrat|ify|ĠKy|oto|,|Ġsaying|Ġit|Ġwould|Ġdamage|Ġthe|Ġeconomy|Ġwith|Ġits|Ġheavy|Ġrel|iance|Ġon|Ġcoal|Ġex|ports|,|Ġwhile|Ġcountries|Ġlike|ĠIndia|Ġand|ĠChina|Ġwere|Ġnot|Ġbound|Ġby|Ġemissions|Ġtargets|.",<ERROR>,1
It is the biggest acquisition in eBay's history.,1,{'en': 1},1,1,It|Ġis|Ġthe|Ġbiggest|Ġacquis|ition|Ġin|Ġe|B|ay|'s|Ġhistory|.,<ERROR>,1
"The company hopes to diversify its profit sources and gain popularity in areas where Skype holds a strong position, such as China, Eastern Europe, and Brazil.",1,{'en': 1},1,1,"The|Ġcompany|Ġhopes|Ġto|Ġdivers|ify|Ġits|Ġprofit|Ġsources|Ġand|Ġgain|Ġpopular|ity|Ġin|Ġareas|Ġwhere|ĠSkype|Ġholds|Ġa|Ġstrong|Ġposition|,|Ġsuch|Ġas|ĠChina|,|ĠEastern|ĠEurope|,|Ġand|ĠBrazil|.",<ERROR>,1
Scientists have suspected Enceladus as geologically active and a possible source of Saturn's icy E ring.,1,{'en': 1},1,1,S|cient|ists|Ġhave|Ġsuspect|ed|ĠEn|cel|ad|us|Ġas|Ġge|olog|ically|Ġactive|Ġand|Ġa|Ġpossible|Ġsource|Ġof|ĠS|atur|n|'s|Ġ|icy|ĠE|Ġring|.,<ERROR>,1
"Enceladus is the most reflective object in the solar system, reflecting about 90 percent of the sunlight that hits it.",1,{'en': 1},1,1,"En|cel|ad|us|Ġis|Ġthe|Ġmost|Ġreflect|ive|Ġobject|Ġin|Ġthe|Ġsolar|Ġsystem|,|Ġreflect|ing|Ġabout|Ġ|90|Ġpercent|Ġof|Ġthe|Ġsun|light|Ġthat|Ġhits|Ġit|.",<ERROR>,1
The game publisher Konami stated today in a Japanese newspaper that they will not be releasing the game Six Days in Fallujah.,1,{'en': 1},1,1,The|Ġgame|Ġpubl|isher|ĠK|on|ami|Ġstated|Ġtoday|Ġin|Ġa|ĠJapanese|Ġnewspaper|Ġthat|Ġthey|Ġwill|Ġnot|Ġbe|Ġrele|asing|Ġthe|Ġgame|ĠSix|ĠDays|Ġin|ĠFall|u|ja|h|.,<ERROR>,1
"The game is based on the Second Battle of Fallujah, a vicious battle between American and Iraqi forces.",1,{'en': 1},1,1,"The|Ġgame|Ġis|Ġbased|Ġon|Ġthe|ĠSecond|ĠBattle|Ġof|ĠFall|u|ja|h|,|Ġa|Ġv|icious|Ġbattle|Ġbetween|ĠAmerican|Ġand|ĠIraq|i|Ġforces|.",<ERROR>,1
"The ACMA also found that despite the video being streamed on the Internet, Big Brother had not breached online content censorship laws as the media had not been stored on Big Brother's website.",1,{'en': 1},1,1,"The|ĠAC|MA|Ġalso|Ġfound|Ġthat|Ġdespite|Ġthe|Ġvideo|Ġbeing|Ġstream|ed|Ġon|Ġthe|ĠInternet|,|ĠBig|ĠBro|ther|Ġhad|Ġnot|Ġbre|ach|ed|Ġonline|Ġcontent|Ġcens|orship|Ġlaws|Ġas|Ġthe|Ġmedia|Ġhad|Ġnot|Ġbeen|Ġstored|Ġon|ĠBig|ĠBro|ther|'s|Ġwebsite|.",<ERROR>,1
"The Broadcasting Services Act provides for the regulation of Internet content, however to be considered Internet content, it must physically reside on a server.",1,{'en': 1},1,1,"The|ĠBroad|cast|ing|ĠServices|ĠAct|Ġprovides|Ġfor|Ġthe|Ġregulation|Ġof|ĠInternet|Ġcontent|,|Ġhowever|Ġto|Ġbe|Ġconsidered|ĠInternet|Ġcontent|,|Ġit|Ġmust|Ġphys|ically|Ġres|ide|Ġon|Ġa|Ġserver|.",<ERROR>,1
"The United States embassy located in Nairobi, Kenya has issued a warning that ""extremists from Somalia"" are planning to launch suicide bomb attacks in Kenya and Ethiopia.",1,{'en': 1},1,1,"The|ĠUnited|ĠStates|Ġemb|ass|y|Ġlocated|Ġin|ĠN|ai|rob|i|,|ĠKen|ya|Ġhas|Ġissued|Ġa|Ġwarning|Ġthat|Ġ""|ext|rem|ists|Ġfrom|ĠSom|alia|""|Ġare|Ġplanning|Ġto|Ġlaunch|Ġsuici|de|Ġbomb|Ġattacks|Ġin|ĠKen|ya|Ġand|ĠEth|io|p|ia|.",<ERROR>,1
Northern Rock had required support due to its exposure during the subprime mortgage crisis in 2007.,1,{'en': 1},1,1,N|orthern|ĠRock|Ġhad|Ġrequired|Ġsupport|Ġdue|Ġto|Ġits|Ġexposure|Ġduring|Ġthe|Ġsub|pr|ime|Ġmortgage|Ġcrisis|Ġin|Ġ|200|7|.,<ERROR>,1
Sir Richard Branson's Virgin Group had a bid for the bank rejected prior to the bank’s nationalisation.,1,{'en': 1},1,1,S|ir|ĠRichard|ĠBr|ans|on|'s|ĠVirgin|ĠGroup|Ġhad|Ġa|Ġbid|Ġfor|Ġthe|Ġbank|Ġreject|ed|Ġprior|Ġto|Ġthe|Ġbank|âĢĻs|Ġnational|isation|.,<ERROR>,1
"In 2010, while nationalised, the current high street bank Northern Rock plc was split from the ‘bad bank’, Northern Rock (Asset Management).",1,{'en': 1},1,1,"In|Ġ|201|0|,|Ġwhile|Ġnational|ised|,|Ġthe|Ġcurrent|Ġhigh|Ġstreet|Ġbank|ĠNorthern|ĠRock|Ġpl|c|Ġwas|Ġsplit|Ġfrom|Ġthe|ĠâĢĺ|b|ad|Ġbank|âĢĻ,|ĠNorthern|ĠRock|Ġ(|As|set|ĠManagement|).",<ERROR>,1
In 2009 she was awarded the title of National Superintendent of the Year.,1,{'en': 1},1,1,In|Ġ|200|9|Ġshe|Ġwas|Ġawarded|Ġthe|Ġtitle|Ġof|ĠNational|ĠSuper|intend|ent|Ġof|Ġthe|ĠYear|.,<ERROR>,1
"Shortly after, The Atlanta Journal-Constitution published a report showing problems with test results.",1,{'en': 1},1,1,"Sh|ort|ly|Ġafter|,|ĠThe|ĠAtlanta|ĠJournal|-|Con|st|itution|Ġpublished|Ġa|Ġreport|Ġshowing|Ġproblems|Ġwith|Ġtest|Ġresults|.",<ERROR>,1
"The report showed test scores had increased implausibly fast, and alleged the school internally detected problems but didn't act on the findings.",1,{'en': 1},1,1,"The|Ġreport|Ġshowed|Ġtest|Ġscores|Ġhad|Ġincreased|Ġimp|la|us|ibly|Ġfast|,|Ġand|Ġalleged|Ġthe|Ġschool|Ġintern|ally|Ġdetect|ed|Ġproblems|Ġbut|Ġdidn|'t|Ġact|Ġon|Ġthe|Ġfindings|.",<ERROR>,1
"Evidence thereafter indicated test papers were tampered with Hall, along with 34 other education officials, was indicted in 2013.",1,{'en': 1},1,1,"E|vid|ence|Ġthere|after|Ġindicated|Ġtest|Ġpapers|Ġwere|Ġt|am|per|ed|Ġwith|ĠHall|,|Ġalong|Ġwith|Ġ|34|Ġother|Ġeducation|Ġofficials|,|Ġwas|Ġind|icted|Ġin|Ġ|201|3|.",<ERROR>,1
The Irish government is stressing the urgency of parliamentary legislation to rectify the situation.,1,{'en': 1},1,1,The|ĠIrish|Ġgovernment|Ġis|Ġstress|ing|Ġthe|Ġur|gency|Ġof|Ġpar|liament|ary|Ġlegislation|Ġto|Ġrect|ify|Ġthe|Ġsituation|.,<ERROR>,1
"""It is now important from both a public health and criminal justice perspective that the legislation be enacted as soon as possible"", said a government spokesperson.",1,{'en': 1},1,1,"""It|Ġis|Ġnow|Ġimportant|Ġfrom|Ġboth|Ġa|Ġpublic|Ġhealth|Ġand|Ġcriminal|Ġjustice|Ġperspective|Ġthat|Ġthe|Ġlegislation|Ġbe|Ġen|act|ed|Ġas|Ġsoon|Ġas|Ġpossible|"",|Ġsaid|Ġa|Ġgovernment|Ġspokes|person|.",<ERROR>,1
"The Health Minister expressed concern both for the welfare of individuals taking advantage of the temporary legality of the substances involved, and for drug-related convictions handed down since the now-unconstitutional changes came into effect.",1,{'en': 1},1,1,"The|ĠHealth|ĠMinister|Ġexpressed|Ġconcern|Ġboth|Ġfor|Ġthe|Ġw|elfare|Ġof|Ġindividuals|Ġtaking|Ġadvantage|Ġof|Ġthe|Ġtemporary|Ġleg|ality|Ġof|Ġthe|Ġsubst|ances|Ġinvolved|,|Ġand|Ġfor|Ġdrug|-related|Ġconv|ict|ions|Ġhand|ed|Ġdown|Ġsince|Ġthe|Ġnow|-|un|con|st|itut|ional|Ġchanges|Ġcame|Ġinto|Ġeffect|.",<ERROR>,1
Jarque was practicing during pre-season training at Coverciano in Italy earlier in the day. He was staying in the team hotel ahead of a match planned for Sunday against Bolonia.,1,{'en': 1},1,1,J|ar|que|Ġwas|Ġpract|icing|Ġduring|Ġpre|-se|ason|Ġtraining|Ġat|ĠCo|ver|ci|ano|Ġin|ĠItaly|Ġearlier|Ġin|Ġthe|Ġday|.|ĠHe|Ġwas|Ġstaying|Ġin|Ġthe|Ġteam|Ġhotel|Ġahead|Ġof|Ġa|Ġmatch|Ġplanned|Ġfor|ĠSunday|Ġagainst|ĠBol|onia|.,<ERROR>,1
He was staying in the team hotel ahead of a match planned for Sunday against Bolonia.,1,{'en': 1},1,1,He|Ġwas|Ġstaying|Ġin|Ġthe|Ġteam|Ġhotel|Ġahead|Ġof|Ġa|Ġmatch|Ġplanned|Ġfor|ĠSunday|Ġagainst|ĠBol|onia|.,<ERROR>,1
The bus was headed to Six Flags St. Louis in Missouri for the band to play to a sold-out crowd.,1,{'en': 1},1,1,The|Ġbus|Ġwas|Ġheaded|Ġto|ĠSix|ĠFl|ags|ĠSt|.|ĠLouis|Ġin|ĠMissouri|Ġfor|Ġthe|Ġband|Ġto|Ġplay|Ġto|Ġa|Ġsold|-out|Ġcrowd|.,<ERROR>,1
"At 1:15 a.m. Saturday, according to witnesses, the bus was going through a green light when the car made a turn in front of it.",1,{'en': 1},1,1,"At|Ġ|1|:|15|Ġa|.m|.|ĠSaturday|,|Ġaccording|Ġto|Ġwitness|es|,|Ġthe|Ġbus|Ġwas|Ġgoing|Ġthrough|Ġa|Ġgreen|Ġlight|Ġwhen|Ġthe|Ġcar|Ġmade|Ġa|Ġturn|Ġin|Ġfront|Ġof|Ġit|.",<ERROR>,1
"As of the night of August 9, the eye of Morakot was about seventy kilometres away from the Chinese province of Fujian.",1,{'en': 1},1,1,"As|Ġof|Ġthe|Ġnight|Ġof|ĠAugust|Ġ|9|,|Ġthe|Ġeye|Ġof|ĠMor|ak|ot|Ġwas|Ġabout|Ġse|vent|y|Ġkil|omet|res|Ġaway|Ġfrom|Ġthe|ĠChinese|Ġprovin|ce|Ġof|ĠF|uj|ian|.",<ERROR>,1
The typhoon is estimated to be moving toward China at eleven kph.,1,{'en': 1},1,1,The|Ġty|ph|o|on|Ġis|Ġestimated|Ġto|Ġbe|Ġmoving|Ġtoward|ĠChina|Ġat|Ġele|ven|Ġk|ph|.,<ERROR>,1
Passengers were given water as they waited in 90(F)-degree heat.,1,{'en': 1},1,1,P|ass|engers|Ġwere|Ġgiven|Ġwater|Ġas|Ġthey|Ġwa|ited|Ġin|Ġ|90|(|F|)-|de|g|ree|Ġheat|.,<ERROR>,1
"Fire captain Scott Kouns said, ""It was a hot day in the Santa Clara with temperatures in the 90s.",1,{'en': 1},1,1,"F|ire|Ġcaptain|ĠScott|ĠKo|uns|Ġsaid|,|Ġ""|It|Ġwas|Ġa|Ġhot|Ġday|Ġin|Ġthe|ĠSanta|ĠCl|ara|Ġwith|Ġtemperatures|Ġin|Ġthe|Ġ|90|s|.",<ERROR>,1
"Any length of time trapped on a roller coaster would be uncomfortable, to say the least, and it took at least an hour to get the first person off the ride.""",1,{'en': 1},1,1,"Any|Ġlength|Ġof|Ġtime|Ġtra|pped|Ġon|Ġa|Ġroll|er|Ġco|aster|Ġwould|Ġbe|Ġuncom|fort|able|,|Ġto|Ġsay|Ġthe|Ġleast|,|Ġand|Ġit|Ġtook|Ġat|Ġleast|Ġan|Ġhour|Ġto|Ġget|Ġthe|Ġfirst|Ġperson|Ġoff|Ġthe|Ġride|.""",<ERROR>,1
"Schumacher who retired in 2006 after winning the Formula 1 championship seven times, was due to replace the injured Felipe Massa.",1,{'en': 1},1,1,"S|ch|um|acher|Ġwho|Ġretired|Ġin|Ġ|200|6|Ġafter|Ġwinning|Ġthe|ĠForm|ula|Ġ|1|Ġchampionship|Ġseven|Ġtimes|,|Ġwas|Ġdue|Ġto|Ġreplace|Ġthe|Ġinjured|ĠFelipe|ĠMass|a|.",<ERROR>,1
The Brazilian suffered a serious head injury after a crash during the 2009 Hungarian Grand Prix.,1,{'en': 1},1,1,The|ĠBrazil|ian|Ġsuffered|Ġa|Ġserious|Ġhead|Ġinjury|Ġafter|Ġa|Ġcrash|Ġduring|Ġthe|Ġ|200|9|ĠH|un|gar|ian|ĠGrand|ĠPr|ix|.,<ERROR>,1
Massa is due to be out for at least the rest of the 2009 season.,1,{'en': 1},1,1,M|ass|a|Ġis|Ġdue|Ġto|Ġbe|Ġout|Ġfor|Ġat|Ġleast|Ġthe|Ġrest|Ġof|Ġthe|Ġ|200|9|Ġseason|.,<ERROR>,1
"Arias tested positive for a mild case of the virus, Presidential Minister Rodrigo Arias said.",1,{'en': 1},1,1,"Ar|ias|Ġtested|Ġpositive|Ġfor|Ġa|Ġm|ild|Ġcase|Ġof|Ġthe|Ġvirus|,|ĠPresident|ial|ĠMinister|ĠRodr|igo|ĠAr|ias|Ġsaid|.",<ERROR>,1
"The president's condition is stable, though he will be isolated at home for several days.",1,{'en': 1},1,1,"The|Ġpresident|'s|Ġcondition|Ġis|Ġstable|,|Ġthough|Ġhe|Ġwill|Ġbe|Ġisol|ated|Ġat|Ġhome|Ġfor|Ġseveral|Ġdays|.",<ERROR>,1
"""Apart from the fever and a sore throat, I feel well and in good shape to carry out my work by telecommuting.",1,{'en': 1},1,1,"""|Ap|art|Ġfrom|Ġthe|Ġfe|ver|Ġand|Ġa|Ġs|ore|Ġthro|at|,|ĠI|Ġfeel|Ġwell|Ġand|Ġin|Ġgood|Ġshape|Ġto|Ġcarry|Ġout|Ġmy|Ġwork|Ġby|Ġtele|comm|uting|.",<ERROR>,1
"At the time of the award, Atlanta schools had seen a large improvement on test scores.",1,{'en': 1},1,1,"At|Ġthe|Ġtime|Ġof|Ġthe|Ġaward|,|ĠAtlanta|Ġschools|Ġhad|Ġseen|Ġa|Ġlarge|Ġimprovement|Ġon|Ġtest|Ġscores|.",<ERROR>,1
She gained critical acclaim during her time in Atlanta and was recognized for innovative urban education.,1,{'en': 1},1,1,She|Ġgained|Ġcritical|Ġac|claim|Ġduring|Ġher|Ġtime|Ġin|ĠAtlanta|Ġand|Ġwas|Ġrecognized|Ġfor|Ġinnovative|Ġurban|Ġeducation|.,<ERROR>,1
"Virgin have only purchased the ‘good bank’ of Northern Rock, not the asset management company.",1,{'en': 1},1,1,"V|ir|gin|Ġhave|Ġonly|Ġpurchased|Ġthe|ĠâĢĺ|go|od|Ġbank|âĢĻ|Ġof|ĠNorthern|ĠRock|,|Ġnot|Ġthe|Ġass|et|Ġmanagement|Ġcompany|.",<ERROR>,1
"One of the world's richest people, Allen has reportedly invested much of his wealth in marine exploration and began his quest to find the Musashi out of a lifelong interest in the war.",1,{'en': 1},1,1,"One|Ġof|Ġthe|Ġworld|'s|Ġrich|est|Ġpeople|,|ĠAllen|Ġhas|Ġreported|ly|Ġinvest|ed|Ġmuch|Ġof|Ġhis|Ġwealth|Ġin|Ġmar|ine|Ġexplor|ation|Ġand|Ġbegan|Ġhis|Ġquest|Ġto|Ġfind|Ġthe|ĠMus|ashi|Ġout|Ġof|Ġa|Ġlif|el|ong|Ġinterest|Ġin|Ġthe|Ġwar|.",<ERROR>,1
This is believed to be the fifth time in history that people have observed what turned out to be chemically confirmed martian material falling to Earth.,1,{'en': 1},1,1,This|Ġis|Ġbelieved|Ġto|Ġbe|Ġthe|Ġfifth|Ġtime|Ġin|Ġhistory|Ġthat|Ġpeople|Ġhave|Ġobserved|Ġwhat|Ġturned|Ġout|Ġto|Ġbe|Ġchem|ically|Ġconfirmed|Ġmart|ian|Ġmaterial|Ġfalling|Ġto|ĠEarth|.,<ERROR>,1
"Out of the approximately 24,000 known meteorites to have fallen to Earth, only about 34 have been verified to be martian in origin.",1,{'en': 1},1,1,"Out|Ġof|Ġthe|Ġapproximately|Ġ|24|,|000|Ġknown|Ġmete|or|ites|Ġto|Ġhave|Ġfall|en|Ġto|ĠEarth|,|Ġonly|Ġabout|Ġ|34|Ġhave|Ġbeen|Ġver|ified|Ġto|Ġbe|Ġmart|ian|Ġin|Ġorigin|.",<ERROR>,1
Fifteen of these rocks are attributed to the meteorite shower last July.,1,{'en': 1},1,1,F|if|teen|Ġof|Ġthese|Ġro|cks|Ġare|Ġattrib|uted|Ġto|Ġthe|Ġmete|or|ite|Ġshower|Ġlast|ĠJuly|.,<ERROR>,1
"Some of the rocks, which are very rare on Earth, are being sold from US$11,000 to $22,500 per ounce, which is about ten times more than the cost of gold.",1,{'en': 1},1,1,"Some|Ġof|Ġthe|Ġro|cks|,|Ġwhich|Ġare|Ġvery|Ġrare|Ġon|ĠEarth|,|Ġare|Ġbeing|Ġsold|Ġfrom|ĠUS|$|11|,|000|Ġto|Ġ$|22|,|500|Ġper|Ġo|unce|,|Ġwhich|Ġis|Ġabout|Ġten|Ġtimes|Ġmore|Ġthan|Ġthe|Ġcost|Ġof|Ġgold|.",<ERROR>,1
"Following the race, Keselowski remains the Drivers' Championship leader with 2,250 points.",1,{'en': 1},1,1,"Follow|ing|Ġthe|Ġrace|,|ĠK|es|el|ows|ki|Ġremains|Ġthe|ĠDr|ivers|'|ĠChampionship|Ġleader|Ġwith|Ġ|2|,|250|Ġpoints|.",<ERROR>,1
"Seven points behind, Johnson is second with 2,243.",1,{'en': 1},1,1,"Se|ven|Ġpoints|Ġbehind|,|ĠJohnson|Ġis|Ġsecond|Ġwith|Ġ|2|,|24|3|.",<ERROR>,1
"In third, Hamlin is twenty points behind, but five ahead of Bowyer. Kahne and Truex, Jr. are fifth and sixth respectively with 2,220 and 2,207 points.",1,{'en': 1},1,1,"In|Ġthird|,|ĠHam|lin|Ġis|Ġtwenty|Ġpoints|Ġbehind|,|Ġbut|Ġfive|Ġahead|Ġof|ĠBow|yer|.|ĠK|ah|ne|Ġand|ĠTrue|x|,|ĠJr|.|Ġare|Ġfifth|Ġand|Ġsixth|Ġrespectively|Ġwith|Ġ|2|,|220|Ġand|Ġ|2|,|207|Ġpoints|.",<ERROR>,1
"Stewart, Gordon, Kenseth, and Harvick round out the top-ten positions for the Drivers' Championship with four races remaining in the season.",1,{'en': 1},1,1,"Ste|wart|,|ĠGordon|,|ĠK|ens|eth|,|Ġand|ĠHar|v|ick|Ġround|Ġout|Ġthe|Ġtop|-|ten|Ġpositions|Ġfor|Ġthe|ĠDr|ivers|'|ĠChampionship|Ġwith|Ġfour|Ġraces|Ġremaining|Ġin|Ġthe|Ġseason|.",<ERROR>,1
The US Navy also said they were investigating the incident.,1,{'en': 1},1,1,The|ĠUS|ĠNavy|Ġalso|Ġsaid|Ġthey|Ġwere|Ġinvestig|ating|Ġthe|Ġincident|.,<ERROR>,1
"They also said in a statement, ""The crew is currently working to determine the best method of safely extracting the ship"".",1,{'en': 1},1,1,"They|Ġalso|Ġsaid|Ġin|Ġa|Ġstatement|,|Ġ""|The|Ġcrew|Ġis|Ġcurrently|Ġworking|Ġto|Ġdetermine|Ġthe|Ġbest|Ġmethod|Ġof|Ġsaf|ely|Ġextract|ing|Ġthe|Ġship|"".",<ERROR>,1
"An Avenger class mine countermeasures ship, the ship was on its way to Puerto Princesa in Palawan.",1,{'en': 1},1,1,"An|ĠA|ven|ger|Ġclass|Ġmine|Ġcounter|me|as|ures|Ġship|,|Ġthe|Ġship|Ġwas|Ġon|Ġits|Ġway|Ġto|ĠPuerto|ĠPrin|cesa|Ġin|ĠP|ala|wan|.",<ERROR>,1
"It is assigned to the U.S. Navy’s Seventh Fleet and based in Sasebo, Nagasaki in Japan.",1,{'en': 1},1,1,"It|Ġis|Ġassigned|Ġto|Ġthe|ĠU|.S|.|ĠNavy|âĢĻs|ĠSe|venth|ĠFle|et|Ġand|Ġbased|Ġin|ĠS|ase|bo|,|ĠN|agas|aki|Ġin|ĠJapan|.",<ERROR>,1
"The Mumbai attackers arrived via boat on Novemeber 26, 2008, bringing with them grenades, automatic weapons and hit multiple targets including the crowded Chhatrapati Shivaji Terminus railway station and the famous Taj Mahal Hotel.",1,{'en': 1},1,1,"The|ĠM|umbai|Ġattack|ers|Ġarrived|Ġvia|Ġboat|Ġon|ĠNov|eme|ber|Ġ|26|,|Ġ|200|8|,|Ġbringing|Ġwith|Ġthem|Ġgr|en|ades|,|Ġautomatic|Ġweapons|Ġand|Ġhit|Ġmultiple|Ġtargets|Ġincluding|Ġthe|Ġcrow|ded|ĠCh|h|at|rap|ati|ĠSh|iv|aj|i|ĠTer|min|us|Ġrail|way|Ġstation|Ġand|Ġthe|Ġfamous|ĠT|aj|ĠMah|al|ĠHotel|.",<ERROR>,1
David Headley's scouting and information gathering had helped to enable the operation by the 10 gunmen from the Pakistani militant group Laskhar-e-Taiba.,1,{'en': 1},1,1,David|ĠHead|ley|'s|Ġsc|out|ing|Ġand|Ġinformation|Ġgather|ing|Ġhad|Ġhelped|Ġto|Ġenable|Ġthe|Ġoperation|Ġby|Ġthe|Ġ|10|Ġgun|men|Ġfrom|Ġthe|ĠPak|ist|ani|Ġmilit|ant|Ġgroup|ĠLas|k|har|-e|-T|a|ib|a|.,<ERROR>,1
The attack put a huge strain on relations between India and Pakistan.,1,{'en': 1},1,1,The|Ġattack|Ġput|Ġa|Ġhuge|Ġstra|in|Ġon|Ġrelations|Ġbetween|ĠIndia|Ġand|ĠPakistan|.,<ERROR>,1
"Accompanied by those officials, he assured Texas citizens that steps were being taken to protect the public's safety.",1,{'en': 1},1,1,"Ac|com|pan|ied|Ġby|Ġthose|Ġofficials|,|Ġhe|Ġass|ured|ĠTexas|Ġcitizens|Ġthat|Ġsteps|Ġwere|Ġbeing|Ġtaken|Ġto|Ġprotect|Ġthe|Ġpublic|'s|Ġsafety|.",<ERROR>,1
"Perry specifically said, ""There are few places in the world better equipped to meet the challenge that is posed in this case.""",1,{'en': 1},1,1,"P|erry|Ġspecifically|Ġsaid|,|Ġ""|There|Ġare|Ġfew|Ġplaces|Ġin|Ġthe|Ġworld|Ġbetter|Ġequipped|Ġto|Ġmeet|Ġthe|Ġchallenge|Ġthat|Ġis|Ġpos|ed|Ġin|Ġthis|Ġcase|.""",<ERROR>,1
"The governor also stated, ""Today, we learned that some school aged children have been identified as having had contact with the patient.""",1,{'en': 1},1,1,"The|Ġgovernor|Ġalso|Ġstated|,|Ġ""|Today|,|Ġwe|Ġlearned|Ġthat|Ġsome|Ġschool|Ġag|ed|Ġchildren|Ġhave|Ġbeen|Ġidentified|Ġas|Ġhaving|Ġhad|Ġcontact|Ġwith|Ġthe|Ġpatient|.""",<ERROR>,1
"He went on to say, ""This case is serious. Rest assured that our system is working as well as it should.""",1,{'en': 1},1,1,"He|Ġwent|Ġon|Ġto|Ġsay|,|Ġ""|This|Ġcase|Ġis|Ġserious|.|ĠRest|Ġass|ured|Ġthat|Ġour|Ġsystem|Ġis|Ġworking|Ġas|Ġwell|Ġas|Ġit|Ġshould|.""",<ERROR>,1
"If confirmed, the find completes Allen's eight-year search for the Musashi.",1,{'en': 1},1,1,"If|Ġconfirmed|,|Ġthe|Ġfind|Ġcomple|tes|ĠAllen|'s|Ġeight|-year|Ġsearch|Ġfor|Ġthe|ĠMus|ashi|.",<ERROR>,1
Following seabed mapping the wreck was found using an ROV.,1,{'en': 1},1,1,Follow|ing|Ġse|ab|ed|Ġmap|ping|Ġthe|Ġw|re|ck|Ġwas|Ġfound|Ġusing|Ġan|ĠR|OV|.,<ERROR>,1
"As of Wednesday afternoon, the tank vents were still leaking probably from thermal expansion inside the tank.",1,{'en': 1},1,1,"As|Ġof|ĠWednesday|Ġafternoon|,|Ġthe|Ġtank|Ġv|ents|Ġwere|Ġstill|Ġle|aking|Ġprobably|Ġfrom|Ġtherm|al|Ġexpansion|Ġinside|Ġthe|Ġtank|.",<ERROR>,1
"The valves opening allowed a pressure release for the system and oil flowed on a pad to a tank that can hold 55,000 barrels (2.3 million gallons).",1,{'en': 1},1,1,"The|Ġval|ves|Ġopening|Ġallowed|Ġa|Ġpressure|Ġrelease|Ġfor|Ġthe|Ġsystem|Ġand|Ġoil|Ġflow|ed|Ġon|Ġa|Ġpad|Ġto|Ġa|Ġtank|Ġthat|Ġcan|Ġhold|Ġ|55|,|000|Ġbar|rel|s|Ġ(|2|.|3|Ġmillion|Ġgall|ons|).",<ERROR>,1
A power failure following a routine fire-command system test caused relief valves to open and crude oil overflowed near the Fort Greely pump station 9.,1,{'en': 1},1,1,A|Ġpower|Ġfailure|Ġfollowing|Ġa|Ġroutine|Ġfire|-com|mand|Ġsystem|Ġtest|Ġcaused|Ġrelief|Ġval|ves|Ġto|Ġopen|Ġand|Ġcr|ude|Ġoil|Ġover|flow|ed|Ġnear|Ġthe|ĠFort|ĠGre|ely|Ġpump|Ġstation|Ġ|9|.,<ERROR>,1
Ovechkin's first assist of the night was on the game-winning goal by rookie Nicklas Backstrom;,1,{'en': 1},1,1,O|ve|ch|kin|'s|Ġfirst|Ġassist|Ġof|Ġthe|Ġnight|Ġwas|Ġon|Ġthe|Ġgame|-winning|Ġgoal|Ġby|Ġro|ok|ie|ĠNick|las|ĠBack|st|rom|;,<ERROR>,1
Batten was ranked 190th on the 2008 400 Richest Americans list with an estimated fortune of $2.3 billion.,1,{'en': 1},1,1,B|at|ten|Ġwas|Ġranked|Ġ|190|th|Ġon|Ġthe|Ġ|200|8|Ġ|400|ĠRich|est|ĠAmericans|Ġlist|Ġwith|Ġan|Ġestimated|Ġfort|une|Ġof|Ġ$|2|.|3|Ġbillion|.,<ERROR>,1
He graduated from the College of Arts & Sciences of the University of Virginia in 1950 and was a significant donor to that institution.,1,{'en': 1},1,1,He|Ġgradu|ated|Ġfrom|Ġthe|ĠCollege|Ġof|ĠArts|Ġ&|ĠSciences|Ġof|Ġthe|ĠUniversity|Ġof|ĠVirginia|Ġin|Ġ|195|0|Ġand|Ġwas|Ġa|Ġsignificant|Ġdon|or|Ġto|Ġthat|Ġinstitution|.,<ERROR>,1
Iraq's Abu Ghraib prison has been set alight during a riot.,1,{'en': 1},1,1,I|ra|q|'s|ĠAb|u|ĠG|hra|ib|Ġprison|Ġhas|Ġbeen|Ġset|Ġal|ight|Ġduring|Ġa|Ġr|iot|.,<ERROR>,1
The jail became notorious after prisoner abuse was discovered there after US forces took over.,1,{'en': 1},1,1,The|Ġjail|Ġbecame|Ġnot|or|ious|Ġafter|Ġprison|er|Ġabuse|Ġwas|Ġdiscovered|Ġthere|Ġafter|ĠUS|Ġforces|Ġtook|Ġover|.,<ERROR>,1
"Piquet Jr. crashed in the 2008 Singapore Grand Prix just after an early pit stop for Fernando Alonso, bringing out the safety car.",1,{'en': 1},1,1,"P|ique|t|ĠJr|.|Ġcrash|ed|Ġin|Ġthe|Ġ|200|8|ĠSingap|ore|ĠGrand|ĠPr|ix|Ġjust|Ġafter|Ġan|Ġearly|Ġpit|Ġstop|Ġfor|ĠFernando|ĠAlonso|,|Ġbringing|Ġout|Ġthe|Ġsafety|Ġcar|.",<ERROR>,1
"As the cars ahead of Alonso went in for fuel under the safety car, he moved up the pack to take victory.",1,{'en': 1},1,1,"As|Ġthe|Ġcars|Ġahead|Ġof|ĠAlonso|Ġwent|Ġin|Ġfor|Ġfuel|Ġunder|Ġthe|Ġsafety|Ġcar|,|Ġhe|Ġmoved|Ġup|Ġthe|Ġpack|Ġto|Ġtake|Ġvictory|.",<ERROR>,1
Piquet Jr. was sacked after the 2009 Hungarian Grand Prix.,1,{'en': 1},1,1,P|ique|t|ĠJr|.|Ġwas|Ġs|acked|Ġafter|Ġthe|Ġ|200|9|ĠH|un|gar|ian|ĠGrand|ĠPr|ix|.,<ERROR>,1
"At exactly 8:46 a.m. a hush fell across the city, marking the exact moment the first jet struck its target.",1,{'en': 1},1,1,"At|Ġexactly|Ġ|8|:|46|Ġa|.m|.|Ġa|Ġh|ush|Ġfell|Ġacross|Ġthe|Ġcity|,|Ġmar|king|Ġthe|Ġexact|Ġmoment|Ġthe|Ġfirst|Ġj|et|Ġstruck|Ġits|Ġtarget|.",<ERROR>,1
Two beams of light have been rigged up to point skywards overnight.,1,{'en': 1},1,1,Two|Ġbe|ams|Ġof|Ġlight|Ġhave|Ġbeen|Ġrig|ged|Ġup|Ġto|Ġpoint|Ġsky|wards|Ġover|night|.,<ERROR>,1
"Construction is ongoing for five new skyscrapers at the site, with a transportation center and memorial park in the middle.",1,{'en': 1},1,1,"Con|stru|ction|Ġis|Ġongoing|Ġfor|Ġfive|Ġnew|Ġsk|ys|c|rap|ers|Ġat|Ġthe|Ġsite|,|Ġwith|Ġa|Ġtransportation|Ġcenter|Ġand|Ġmem|orial|Ġpark|Ġin|Ġthe|Ġmiddle|.",<ERROR>,1
"The PBS show has more than two-dozen Emmy awards, and its run is shorter only than Sesame Street and Mister Rogers' Neighborhood.",1,{'en': 1},1,1,"The|ĠP|BS|Ġshow|Ġhas|Ġmore|Ġthan|Ġtwo|-do|zen|ĠEm|my|Ġawards|,|Ġand|Ġits|Ġrun|Ġis|Ġsh|or|ter|Ġonly|Ġthan|ĠS|es|ame|ĠStreet|Ġand|ĠM|ister|ĠRog|ers|'|ĠNe|igh|bor|hood|.",<ERROR>,1
Each episode of the show would focus on a theme in a specific book and then explore that theme through multiple stories.,1,{'en': 1},1,1,Each|Ġepisode|Ġof|Ġthe|Ġshow|Ġwould|Ġfocus|Ġon|Ġa|Ġtheme|Ġin|Ġa|Ġspecific|Ġbook|Ġand|Ġthen|Ġexplore|Ġthat|Ġtheme|Ġthrough|Ġmultiple|Ġstories|.,<ERROR>,1
Each show would also provide recommendations for books that children should look for when they went to their library.,1,{'en': 1},1,1,Each|Ġshow|Ġwould|Ġalso|Ġprovide|Ġrecommendations|Ġfor|Ġbooks|Ġthat|Ġchildren|Ġshould|Ġlook|Ġfor|Ġwhen|Ġthey|Ġwent|Ġto|Ġtheir|Ġlibrary|.,<ERROR>,1
"John Grant, from WNED Buffalo (Reading Rainbow's home station) said ""Reading Rainbow taught kids why to read,... the love of reading — [the show] encouraged kids to pick up a book and to read.""",1,{'en': 1},1,1,"John|ĠGrant|,|Ġfrom|ĠW|N|ED|ĠBuff|alo|Ġ(|Read|ing|ĠRain|bow|'s|Ġhome|Ġstation|)|Ġsaid|Ġ""|Read|ing|ĠRain|bow|Ġtaught|Ġkids|Ġwhy|Ġto|Ġread|,|...|Ġthe|Ġlove|Ġof|Ġreading|ĠâĢĶ|Ġ[|the|Ġshow|]|Ġencouraged|Ġkids|Ġto|Ġpick|Ġup|Ġa|Ġbook|Ġand|Ġto|Ġread|.""",<ERROR>,1
"It is believed by some, including John Grant, that both the funding crunch and a shift in the philosophy of educational television programming contributed to ending the series.",1,{'en': 1},1,1,"It|Ġis|Ġbelieved|Ġby|Ġsome|,|Ġincluding|ĠJohn|ĠGrant|,|Ġthat|Ġboth|Ġthe|Ġfunding|Ġcr|unch|Ġand|Ġa|Ġshift|Ġin|Ġthe|Ġphilosophy|Ġof|Ġeducational|Ġtelevision|Ġprogramming|Ġcontributed|Ġto|Ġending|Ġthe|Ġseries|.",<ERROR>,1
"The storm, situated about 645 miles (1040 km) west of the Cape Verde islands, is likely to dissipate before threatening any land areas, forecasters say.",1,{'en': 1},1,1,"The|Ġstorm|,|Ġsitu|ated|Ġabout|Ġ|6|45|Ġmiles|Ġ(|104|0|Ġkm|)|Ġwest|Ġof|Ġthe|ĠC|ape|ĠVer|de|Ġis|lands|,|Ġis|Ġlikely|Ġto|Ġdiss|ip|ate|Ġbefore|Ġthreat|ening|Ġany|Ġland|Ġareas|,|Ġforec|asters|Ġsay|.",<ERROR>,1
Fred currently has winds of 105 miles per hour (165 km/h) and is moving towards the northwest.,1,{'en': 1},1,1,F|red|Ġcurrently|Ġhas|Ġwind|s|Ġof|Ġ|105|Ġmiles|Ġper|Ġhour|Ġ(|165|Ġkm|/h|)|Ġand|Ġis|Ġmoving|Ġtowards|Ġthe|Ġnorth|west|.,<ERROR>,1
"Fred is the strongest tropical cyclone ever recorded so far south and east in the Atlantic since the advent of satellite imagery, and only the third major hurricane on record east of 35°W.",1,{'en': 1},1,1,"F|red|Ġis|Ġthe|Ġstrong|est|Ġtropical|Ġcy|cl|one|Ġever|Ġrecorded|Ġso|Ġfar|Ġsouth|Ġand|Ġeast|Ġin|Ġthe|ĠAtlantic|Ġsince|Ġthe|Ġadvent|Ġof|Ġsat|ellite|Ġimag|ery|,|Ġand|Ġonly|Ġthe|Ġthird|Ġmajor|Ġh|urricane|Ġon|Ġrecord|Ġeast|Ġof|Ġ|35|Â°|W|.",<ERROR>,1
"On September 24, 1759, Arthur Guinness signed a 9,000 year lease for the St James' Gate Brewery in Dublin, Ireland.",1,{'en': 1},1,1,"On|ĠSeptember|Ġ|24|,|Ġ|175|9|,|ĠAr|thur|ĠGu|in|ness|Ġsigned|Ġa|Ġ|9|,|000|Ġyear|Ġle|ase|Ġfor|Ġthe|ĠSt|ĠJames|'|ĠG|ate|ĠBrew|ery|Ġin|ĠDub|lin|,|ĠIreland|.",<ERROR>,1
"250 years later, Guinness has grown to a global business that turns over 10 billion euros (US$14.7 billion) every year.",1,{'en': 1},1,1,"250|Ġyears|Ġlater|,|ĠGu|in|ness|Ġhas|Ġgrown|Ġto|Ġa|Ġglobal|Ġbusiness|Ġthat|Ġturns|Ġover|Ġ|10|Ġbillion|Ġeuros|Ġ(|US|$|14|.|7|Ġbillion|)|Ġevery|Ġyear|.",<ERROR>,1
"Jonny Reid, co-driver for the A1GP New Zealand team, today made history by driving the fastest over the 48-year-old Auckland Harbour Bridge, New Zealand, legally.",1,{'en': 1},1,1,"J|on|ny|ĠRe|id|,|Ġco|-d|r|iver|Ġfor|Ġthe|ĠA|1|GP|ĠNew|ĠZealand|Ġteam|,|Ġtoday|Ġmade|Ġhistory|Ġby|Ġdriving|Ġthe|Ġfast|est|Ġover|Ġthe|Ġ|48|-year|-old|ĠA|uck|land|ĠHar|bour|ĠBridge|,|ĠNew|ĠZealand|,|Ġleg|ally|.",<ERROR>,1
"his second goal of the night was his 60th of the season, becoming the first player to score 60 or more goals in a season since 1995-96, when Jaromir Jagr and Mario Lemieux each reached that milestone.",1,{'en': 1},1,1,"his|Ġsecond|Ġgoal|Ġof|Ġthe|Ġnight|Ġwas|Ġhis|Ġ|60|th|Ġof|Ġthe|Ġseason|,|Ġbecoming|Ġthe|Ġfirst|Ġplayer|Ġto|Ġscore|Ġ|60|Ġor|Ġmore|Ġgoals|Ġin|Ġa|Ġseason|Ġsince|Ġ|199|5|-|96|,|Ġwhen|ĠJ|ar|om|ir|ĠJ|ag|r|Ġand|ĠMario|ĠL|em|ie|ux|Ġeach|Ġreached|Ġthat|Ġmil|est|one|.",<ERROR>,1
He had 2 goals and 2 assists in Washington's 5-3 win over the Atlanta Thrashers.,1,{'en': 1},1,1,He|Ġhad|Ġ|2|Ġgoals|Ġand|Ġ|2|Ġassists|Ġin|ĠWashington|'s|Ġ|5|-|3|Ġwin|Ġover|Ġthe|ĠAtlanta|ĠTh|rash|ers|.,<ERROR>,1
"The New Zealand police had trouble using their speed radar guns to see how fast Mr Reid was going because of how low Black Beauty is, and the only time the police managed to clock Mr Reid was when he slowed down to 160km/h.",1,{'en': 1},1,1,"The|ĠNew|ĠZealand|Ġpolice|Ġhad|Ġtrouble|Ġusing|Ġtheir|Ġspeed|Ġrad|ar|Ġguns|Ġto|Ġsee|Ġhow|Ġfast|ĠMr|ĠRe|id|Ġwas|Ġgoing|Ġbecause|Ġof|Ġhow|Ġlow|ĠBlack|ĠBeaut|y|Ġis|,|Ġand|Ġthe|Ġonly|Ġtime|Ġthe|Ġpolice|Ġmanaged|Ġto|Ġclock|ĠMr|ĠRe|id|Ġwas|Ġwhen|Ġhe|Ġslow|ed|Ġdown|Ġto|Ġ|160|km|/h|.",<ERROR>,1
Today's Player of the Day is Alex Ovechkin of the Washington Capitals.,1,{'en': 1},1,1,Today|'s|ĠPlayer|Ġof|Ġthe|ĠDay|Ġis|ĠAlex|ĠO|ve|ch|kin|Ġof|Ġthe|ĠWashington|ĠCapital|s|.,<ERROR>,1
"The JAS 39C Gripen crashed onto a runway at around 9:30 am local time (0230 UTC) and exploded, closing the airport to commercial flights.",1,{'en': 1},1,1,"The|ĠJ|AS|Ġ|39|C|ĠGr|ip|en|Ġcrash|ed|Ġonto|Ġa|Ġrun|way|Ġat|Ġaround|Ġ|9|:|30|Ġam|Ġlocal|Ġtime|Ġ(|0|23|0|ĠU|TC|)|Ġand|Ġexpl|od|ed|,|Ġclosing|Ġthe|Ġairport|Ġto|Ġcommercial|Ġfl|ights|.",<ERROR>,1
The pilot was identified as Squadron Leader Dilokrit Pattavee.,1,{'en': 1},1,1,The|Ġpilot|Ġwas|Ġidentified|Ġas|ĠSqu|ad|ron|ĠLe|ader|ĠD|il|ok|rit|ĠPat|ta|ve|e|.,<ERROR>,1
Local media reports an airport fire vehicle rolled over while responding.,1,{'en': 1},1,1,L|ocal|Ġmedia|Ġreports|Ġan|Ġairport|Ġfire|Ġvehicle|Ġroll|ed|Ġover|Ġwhile|Ġrespon|ding|.,<ERROR>,1
"28-year-old Vidal had joined Barça three seasons ago, from Sevilla.",1,{'en': 1},1,1,"28|-year|-old|ĠV|idal|Ġhad|Ġjoined|ĠBar|Ã§a|Ġthree|Ġseasons|Ġago|,|Ġfrom|ĠSevilla|.",<ERROR>,1
"Since moving to the Catalan-capital, Vidal had played 49 games for the club.",1,{'en': 1},1,1,"Since|Ġmoving|Ġto|Ġthe|ĠCatal|an|-c|ap|ital|,|ĠV|idal|Ġhad|Ġplayed|Ġ|49|Ġgames|Ġfor|Ġthe|Ġclub|.",<ERROR>,1
"The protest started around 11:00 local time (UTC+1) on Whitehall opposite the police-guarded entrance to Downing Street, the Prime Minister's official residence.",1,{'en': 1},1,1,"The|Ġprotest|Ġstarted|Ġaround|Ġ|11|:|00|Ġlocal|Ġtime|Ġ(|UT|C|+|1|)|Ġon|ĠWhite|h|all|Ġopposite|Ġthe|Ġpolice|-|guard|ed|Ġentrance|Ġto|ĠDown|ing|ĠStreet|,|Ġthe|ĠPrime|ĠMinister|'s|Ġofficial|Ġresid|ence|.",<ERROR>,1
"Just after 11:00, protesters blocked traffic on the northbound carriage in Whitehall.",1,{'en': 1},1,1,"Just|Ġafter|Ġ|11|:|00|,|Ġprotest|ers|Ġblock|ed|Ġtraffic|Ġon|Ġthe|Ġnorth|bound|Ġcar|riage|Ġin|ĠWhite|h|all|.",<ERROR>,1
"At 11:20, the police asked the protesters to move back on to the pavement, stating that they needed to balance the right to protest with the traffic building up.",1,{'en': 1},1,1,"At|Ġ|11|:|20|,|Ġthe|Ġpolice|Ġasked|Ġthe|Ġprotest|ers|Ġto|Ġmove|Ġback|Ġon|Ġto|Ġthe|Ġpav|ement|,|Ġst|ating|Ġthat|Ġthey|Ġneeded|Ġto|Ġbalance|Ġthe|Ġright|Ġto|Ġprotest|Ġwith|Ġthe|Ġtraffic|Ġbuilding|Ġup|.",<ERROR>,1
"Around 11:29, the protest moved up Whitehall, past Trafalgar Square, along the Strand, passing by Aldwych and up Kingsway towards Holborn where the Conservative Party were holding their Spring Forum in the Grand Connaught Rooms hotel.",1,{'en': 1},1,1,"A|round|Ġ|11|:|29|,|Ġthe|Ġprotest|Ġmoved|Ġup|ĠWhite|h|all|,|Ġpast|ĠTra|fal|gar|ĠSquare|,|Ġalong|Ġthe|ĠStr|and|,|Ġpassing|Ġby|ĠA|ld|w|ych|Ġand|Ġup|ĠKings|way|Ġtowards|ĠHol|born|Ġwhere|Ġthe|ĠConserv|ative|ĠParty|Ġwere|Ġholding|Ġtheir|ĠSpring|ĠForum|Ġin|Ġthe|ĠGrand|ĠCon|na|ught|ĠRo|oms|Ġhotel|.",<ERROR>,1
Nadal's head to head record against the Canadian is 7–2.,1,{'en': 1},1,1,N|adal|'s|Ġhead|Ġto|Ġhead|Ġrecord|Ġagainst|Ġthe|ĠCanadian|Ġis|Ġ|7|âĢĵ|2|.,<ERROR>,1
He recently lost against Raonic in the Brisbane Open.,1,{'en': 1},1,1,He|Ġrecently|Ġlost|Ġagainst|ĠRa|onic|Ġin|Ġthe|ĠBr|is|b|ane|ĠOpen|.,<ERROR>,1
Nadal bagged 88% net points in the match winning 76 points in the first serve.,1,{'en': 1},1,1,N|adal|Ġbag|ged|Ġ|88|%|Ġnet|Ġpoints|Ġin|Ġthe|Ġmatch|Ġwinning|Ġ|76|Ġpoints|Ġin|Ġthe|Ġfirst|Ġserve|.,<ERROR>,1
"After the match, King of Clay said, ""I am just excited about being back in the final rounds of the most important events. I am here to try to win this.""",1,{'en': 1},1,1,"After|Ġthe|Ġmatch|,|ĠKing|Ġof|ĠCl|ay|Ġsaid|,|Ġ""|I|Ġam|Ġjust|Ġexcited|Ġabout|Ġbeing|Ġback|Ġin|Ġthe|Ġfinal|Ġround|s|Ġof|Ġthe|Ġmost|Ġimportant|Ġevents|.|ĠI|Ġam|Ġhere|Ġto|Ġtry|Ġto|Ġwin|Ġthis|.""",<ERROR>,1
"""Panama Papers"" is an umbrella term for roughly ten million documents from Panamanian law firm Mossack Fonseca, leaked to the press in spring 2016.",1,{'en': 1},1,1,"""|P|an|ama|ĠPap|ers|""|Ġis|Ġan|Ġ|umbre|l|la|Ġterm|Ġfor|Ġroughly|Ġten|Ġmillion|Ġdocuments|Ġfrom|ĠPan|aman|ian|Ġlaw|Ġfirm|ĠM|oss|ack|ĠF|onse|ca|,|Ġle|aked|Ġto|Ġthe|Ġpress|Ġin|Ġspring|Ġ|201|6|.",<ERROR>,1
The documents showed fourteen banks helped wealthy clients hide billions of US dollars of wealth to avoid taxes and other regulations.,1,{'en': 1},1,1,The|Ġdocuments|Ġshowed|Ġfour|teen|Ġbanks|Ġhelped|Ġwealth|y|Ġclients|Ġhide|Ġbill|ions|Ġof|ĠUS|Ġdollars|Ġof|Ġwealth|Ġto|Ġavoid|Ġtaxes|Ġand|Ġother|Ġregulations|.,<ERROR>,1
British newspaper The Guardian suggested Deutsche Bank controlled roughly a third of the 1200 shell companies used to accomplish this.,1,{'en': 1},1,1,B|rit|ish|Ġnewspaper|ĠThe|ĠGuard|ian|Ġsuggested|ĠDe|uts|che|ĠBank|Ġcontrolled|Ġroughly|Ġa|Ġthird|Ġof|Ġthe|Ġ|120|0|Ġsh|ell|Ġcompanies|Ġused|Ġto|Ġaccomplish|Ġthis|.,<ERROR>,1
"There were protests worldwide, several criminal prosecutions, and the leaders of the governments of Iceland and Pakistan both resigned.",1,{'en': 1},1,1,"There|Ġwere|Ġprotest|s|Ġworldwide|,|Ġseveral|Ġcriminal|Ġprosecut|ions|,|Ġand|Ġthe|Ġleaders|Ġof|Ġthe|Ġgovernments|Ġof|ĠI|cel|and|Ġand|ĠPakistan|Ġboth|Ġres|igned|.",<ERROR>,1
"Born in Hong Kong, Ma studied at New York University and Harvard Law School and once held an American permanent resident ""green card"".",1,{'en': 1},1,1,"B|orn|Ġin|ĠHong|ĠKong|,|ĠMa|Ġstudied|Ġat|ĠNew|ĠYork|ĠUniversity|Ġand|ĠHarvard|ĠLaw|ĠSchool|Ġand|Ġonce|Ġheld|Ġan|ĠAmerican|Ġpermanent|Ġresident|Ġ""|g|reen|Ġcard|"".",<ERROR>,1
Hsieh implied during the election that Ma might flee the country during a time of crisis.,1,{'en': 1},1,1,H|s|ie|h|Ġimpl|ied|Ġduring|Ġthe|Ġelection|Ġthat|ĠMa|Ġmight|Ġfle|e|Ġthe|Ġcountry|Ġduring|Ġa|Ġtime|Ġof|Ġcrisis|.,<ERROR>,1
Hsieh also argued that the photogenic Ma was more style than substance.,1,{'en': 1},1,1,H|s|ie|h|Ġalso|Ġarg|ued|Ġthat|Ġthe|Ġph|ot|ogen|ic|ĠMa|Ġwas|Ġmore|Ġstyle|Ġthan|Ġsubst|ance|.,<ERROR>,1
"Despite these accusations, Ma won handily on a platform advocating closer ties with the Chinese mainland.",1,{'en': 1},1,1,"Despite|Ġthese|Ġaccus|ations|,|ĠMa|Ġwon|Ġhand|ily|Ġon|Ġa|Ġplatform|Ġadvoc|ating|Ġcloser|Ġt|ies|Ġwith|Ġthe|ĠChinese|Ġmain|land|.",<ERROR>,1
"Mr Reid managed to drive the New Zealand's A1GP car, Black Beauty at speeds over 160km/h seven times over the bridge.",1,{'en': 1},1,1,"Mr|ĠRe|id|Ġmanaged|Ġto|Ġdrive|Ġthe|ĠNew|ĠZealand|'s|ĠA|1|GP|Ġcar|,|ĠBlack|ĠBeaut|y|Ġat|Ġspe|eds|Ġover|Ġ|160|km|/h|Ġseven|Ġtimes|Ġover|Ġthe|Ġbridge|.",<ERROR>,1
"In the last 3 months, over 80 arrestees were released from the Central Booking facility without being formally charged.",1,{'en': 1},1,1,"In|Ġthe|Ġlast|Ġ|3|Ġmonths|,|Ġover|Ġ|80|Ġarr|este|es|Ġwere|Ġreleased|Ġfrom|Ġthe|ĠCentral|ĠBook|ing|Ġfacility|Ġwithout|Ġbeing|Ġform|ally|Ġcharged|.",<ERROR>,1
"800 miles of the Trans-Alaska Pipeline System were closed down following a spill of thousands of barrels of crude oil south of Fairbanks, Alaska.",1,{'en': 1},1,1,"800|Ġmiles|Ġof|Ġthe|ĠTrans|-A|las|ka|ĠP|ip|eline|ĠSystem|Ġwere|Ġclosed|Ġdown|Ġfollowing|Ġa|Ġsp|ill|Ġof|Ġthousands|Ġof|Ġbar|rel|s|Ġof|Ġcr|ude|Ġoil|Ġsouth|Ġof|ĠFair|ban|ks|,|ĠAlaska|.",<ERROR>,1
"Roberts flatly refused to say about when he believes life begins, an important question when considering the ethics of abortion, saying that it would be unethical to comment on the specifics of likely cases.",1,{'en': 1},1,1,"R|ober|ts|Ġflat|ly|Ġrefused|Ġto|Ġsay|Ġabout|Ġwhen|Ġhe|Ġbelieves|Ġlife|Ġbegins|,|Ġan|Ġimportant|Ġquestion|Ġwhen|Ġconsidering|Ġthe|Ġeth|ics|Ġof|Ġabort|ion|,|Ġsaying|Ġthat|Ġit|Ġwould|Ġbe|Ġun|eth|ical|Ġto|Ġcomment|Ġon|Ġthe|Ġspecif|ics|Ġof|Ġlikely|Ġcases|.",<ERROR>,1
He also confirmed that he believed in the implied right to privacy which the Roe decision depended upon.,1,{'en': 1},1,1,He|Ġalso|Ġconfirmed|Ġthat|Ġhe|Ġbelieved|Ġin|Ġthe|Ġimpl|ied|Ġright|Ġto|Ġprivacy|Ġwhich|Ġthe|ĠRo|e|Ġdecision|Ġdep|ended|Ġupon|.,<ERROR>,1
"Maroochydore had finished on top of the ladder, six points clear of Noosa in second.",1,{'en': 1},1,1,"Mar|oo|ch|yd|ore|Ġhad|Ġfinished|Ġon|Ġtop|Ġof|Ġthe|Ġlad|der|,|Ġsix|Ġpoints|Ġclear|Ġof|ĠNo|osa|Ġin|Ġsecond|.",<ERROR>,1
The two sides would meet in the major semi final where Noosa ran out winners by 11 points.,1,{'en': 1},1,1,The|Ġtwo|Ġsides|Ġwould|Ġmeet|Ġin|Ġthe|Ġmajor|Ġsemi|Ġfinal|Ġwhere|ĠNo|osa|Ġran|Ġout|Ġwinners|Ġby|Ġ|11|Ġpoints|.,<ERROR>,1
Maroochydore then defeated Caboolture in the Preliminary Final.,1,{'en': 1},1,1,Mar|oo|ch|yd|ore|Ġthen|Ġdefe|ated|ĠCab|ool|t|ure|Ġin|Ġthe|ĠPre|l|imin|ary|ĠFinal|.,<ERROR>,1
Hesperonychus elizabethae is a species of the family Dromaeosauridae and is a cousin of Velociraptor .,1,{'en': 1},1,1,H|esper|ony|ch|us|Ġel|iz|abet|ha|e|Ġis|Ġa|Ġspecies|Ġof|Ġthe|Ġfamily|ĠD|rom|ae|os|aur|ida|e|Ġand|Ġis|Ġa|Ġco|us|in|Ġof|ĠVel|oci|ra|pt|or|Ġ.,<ERROR>,1
"This fully feathered, warm blooded bird of prey was believed to have walked upright on two legs with claws like the Velociraptor.",1,{'en': 1},1,1,"This|Ġfully|Ġfe|ather|ed|,|Ġwarm|Ġblood|ed|Ġbird|Ġof|Ġpre|y|Ġwas|Ġbelieved|Ġto|Ġhave|Ġwalked|Ġup|right|Ġon|Ġtwo|Ġlegs|Ġwith|Ġcla|ws|Ġlike|Ġthe|ĠVel|oci|ra|pt|or|.",<ERROR>,1
"Its second claw was larger, giving rise to the name Hesperonychus which means ""western claw.""",1,{'en': 1},1,1,"I|ts|Ġsecond|Ġcla|w|Ġwas|Ġlarger|,|Ġgiving|Ġrise|Ġto|Ġthe|Ġname|ĠH|esper|ony|ch|us|Ġwhich|Ġmeans|Ġ""|west|ern|Ġcla|w|.""",<ERROR>,1
"In addition to the crushing ice, extreme weather conditions have been hampering rescue efforts.",1,{'en': 1},1,1,"In|Ġaddition|Ġto|Ġthe|Ġcr|us|hing|Ġice|,|Ġextreme|Ġweather|Ġconditions|Ġhave|Ġbeen|Ġham|per|ing|Ġresc|ue|Ġefforts|.",<ERROR>,1
Pittman suggested that conditions wouldn't improve until sometime next week.,1,{'en': 1},1,1,P|itt|man|Ġsuggested|Ġthat|Ġconditions|Ġwouldn|'t|Ġimprove|Ġuntil|Ġsomet|ime|Ġnext|Ġweek|.,<ERROR>,1
"The amount and thickness of the pack ice, according to Pittman, is the worst it has been for sealers in the past 15 years.",1,{'en': 1},1,1,"The|Ġamount|Ġand|Ġthick|ness|Ġof|Ġthe|Ġpack|Ġice|,|Ġaccording|Ġto|ĠP|itt|man|,|Ġis|Ġthe|Ġworst|Ġit|Ġhas|Ġbeen|Ġfor|Ġse|al|ers|Ġin|Ġthe|Ġpast|Ġ|15|Ġyears|.",<ERROR>,1
News spread in the Red Lake community today as funerals for Jeff Weise and three of the nine victims were held that another student was arrested in connection with the school shootings of March 21.,1,{'en': 1},1,1,News|Ġspread|Ġin|Ġthe|ĠRed|ĠLake|Ġcommunity|Ġtoday|Ġas|Ġfun|er|als|Ġfor|ĠJeff|ĠWe|ise|Ġand|Ġthree|Ġof|Ġthe|Ġnine|Ġvictims|Ġwere|Ġheld|Ġthat|Ġanother|Ġstudent|Ġwas|Ġarrested|Ġin|Ġconnection|Ġwith|Ġthe|Ġschool|Ġshoot|ings|Ġof|ĠMarch|Ġ|21|.,<ERROR>,1
Authorities said little officially beyond confirming today's arrest.,1,{'en': 1},1,1,Aut|hor|ities|Ġsaid|Ġlittle|Ġofficially|Ġbeyond|Ġconfirm|ing|Ġtoday|'s|Ġarrest|.,<ERROR>,1
"However, a source with knowledge of the investigation told the Minneapolis Star-Tribune that it was Louis Jourdain, 16-year old son of Red Lake Tribal Chairman Floyd Jourdain.",1,{'en': 1},1,1,"However|,|Ġa|Ġsource|Ġwith|Ġknowledge|Ġof|Ġthe|Ġinvestigation|Ġtold|Ġthe|ĠMin|ne|apolis|ĠStar|-T|rib|une|Ġthat|Ġit|Ġwas|ĠLouis|ĠJ|our|d|ain|,|Ġ|16|-year|Ġold|Ġson|Ġof|ĠRed|ĠLake|ĠTrib|al|ĠChairman|ĠFlo|yd|ĠJ|our|d|ain|.",<ERROR>,1
It is not known at this time what charges will be laid or what led authorities to the boy but juvenile proceedings have begun in federal court.,1,{'en': 1},1,1,It|Ġis|Ġnot|Ġknown|Ġat|Ġthis|Ġtime|Ġwhat|Ġcharges|Ġwill|Ġbe|Ġlaid|Ġor|Ġwhat|Ġled|Ġauthorities|Ġto|Ġthe|Ġboy|Ġbut|Ġjuven|ile|Ġproceed|ings|Ġhave|Ġbegun|Ġin|Ġfederal|Ġcourt|.,<ERROR>,1
Lodin also said officials decided to cancel the runoff in order to save Afghans the expense and security risk of another election.,1,{'en': 1},1,1,L|od|in|Ġalso|Ġsaid|Ġofficials|Ġdecided|Ġto|Ġcancel|Ġthe|Ġrun|off|Ġin|Ġorder|Ġto|Ġsave|ĠAf|gh|ans|Ġthe|Ġexp|ense|Ġand|Ġsecurity|Ġrisk|Ġof|Ġanother|Ġelection|.,<ERROR>,1
Diplomats said that they had found enough ambiguity in the Afghan constitution to determine the runoff as unnecessary.,1,{'en': 1},1,1,D|ip|lom|ats|Ġsaid|Ġthat|Ġthey|Ġhad|Ġfound|Ġenough|Ġamb|igu|ity|Ġin|Ġthe|ĠAfghan|Ġconst|itution|Ġto|Ġdetermine|Ġthe|Ġrun|off|Ġas|Ġun|ne|cess|ary|.,<ERROR>,1
"This contradicts earlier reports, which said that cancelling the runoff would have been against the constitution.",1,{'en': 1},1,1,"This|Ġcontrad|ict|s|Ġearlier|Ġreports|,|Ġwhich|Ġsaid|Ġthat|Ġcan|cell|ing|Ġthe|Ġrun|off|Ġwould|Ġhave|Ġbeen|Ġagainst|Ġthe|Ġconst|itution|.",<ERROR>,1
The aircraft had been headed to Irkutsk and was being operated by interior troops.,1,{'en': 1},1,1,The|Ġaircraft|Ġhad|Ġbeen|Ġheaded|Ġto|ĠIr|k|uts|k|Ġand|Ġwas|Ġbeing|Ġoper|ated|Ġby|Ġinterior|Ġtroops|.,<ERROR>,1
An inquiry was established to investigate.,1,{'en': 1},1,1,An|Ġinquir|y|Ġwas|Ġestablished|Ġto|Ġinvestig|ate|.,<ERROR>,1
"The Il-76 has been a major component of both the Russian and Soviet military since the 1970s, and had already seen a serious accident in Russia last month.",1,{'en': 1},1,1,"The|ĠIl|-|76|Ġhas|Ġbeen|Ġa|Ġmajor|Ġcomponent|Ġof|Ġboth|Ġthe|ĠRussian|Ġand|ĠSov|iet|Ġmilitary|Ġsince|Ġthe|Ġ|197|0|s|,|Ġand|Ġhad|Ġalready|Ġseen|Ġa|Ġserious|Ġaccident|Ġin|ĠRussia|Ġlast|Ġmonth|.",<ERROR>,1
"On October 7 an engine separated on takeoff, without injuries. Russia briefly grounded Il-76s after that accident.",1,{'en': 1},1,1,"On|ĠOctober|Ġ|7|Ġan|Ġengine|Ġsepar|ated|Ġon|Ġtake|off|,|Ġwithout|Ġinjuries|.|ĠRussia|Ġbrief|ly|Ġground|ed|ĠIl|-|76|s|Ġafter|Ġthat|Ġaccident|.",<ERROR>,1
"He did, however, reiterate his earlier statement that Roe v. Wade was the ""settled law of the land"", emphasizing the importance of consistent Supreme Court rulings.",1,{'en': 1},1,1,"He|Ġdid|,|Ġhowever|,|Ġreiter|ate|Ġhis|Ġearlier|Ġstatement|Ġthat|ĠRo|e|Ġv|.|ĠW|ade|Ġwas|Ġthe|Ġ""|s|ett|led|Ġlaw|Ġof|Ġthe|Ġland|"",|Ġemphas|izing|Ġthe|Ġimportance|Ġof|Ġconsistent|ĠSupreme|ĠCourt|Ġr|ul|ings|.",<ERROR>,1
"Moreover, top judge Evangelos Kalousis is imprisoned as he found guilty of corruption and degenerate behaviour.",1,{'en': 1},1,1,"More|over|,|Ġtop|Ġjudge|ĠEvangel|os|ĠKal|ous|is|Ġis|Ġimpr|ison|ed|Ġas|Ġhe|Ġfound|Ġguilty|Ġof|Ġcorrup|tion|Ġand|Ġdeg|ener|ate|Ġbehav|io|ur|.",<ERROR>,1
"In April this year, a temporary restaining order was issued by Judge Glynn against the facility to enforce the release of those held more than 24 hours after their intake who did not receive a hearing by a court commissioner.",1,{'en': 1},1,1,"In|ĠApril|Ġthis|Ġyear|,|Ġa|Ġtemporary|Ġrest|ain|ing|Ġorder|Ġwas|Ġissued|Ġby|ĠJudge|ĠG|lyn|n|Ġagainst|Ġthe|Ġfacility|Ġto|Ġenfor|ce|Ġthe|Ġrelease|Ġof|Ġthose|Ġheld|Ġmore|Ġthan|Ġ|24|Ġhours|Ġafter|Ġtheir|Ġin|take|Ġwho|Ġdid|Ġnot|Ġreceive|Ġa|Ġhearing|Ġby|Ġa|Ġcourt|Ġcommission|er|.",<ERROR>,1
"A few weeks ago, after the information published by the journalist Makis Triantafylopoulos in his popular Television show ""Zoungla"" in Alpha TV, the member of Parliament and lawyer, Petros Mantouvalos was abdicated as members of his office had been involved in illegal graft and corruption.",1,{'en': 1},1,1,"A|Ġfew|Ġweeks|Ġago|,|Ġafter|Ġthe|Ġinformation|Ġpublished|Ġby|Ġthe|Ġjournal|ist|ĠM|ak|is|ĠTr|iant|af|y|lo|po|ulos|Ġin|Ġhis|Ġpopular|ĠTele|vision|Ġshow|Ġ""|Z|o|ung|la|""|Ġin|ĠAl|pha|ĠTV|,|Ġthe|Ġmember|Ġof|ĠParliament|Ġand|Ġlawyer|,|ĠP|etros|ĠMant|ou|val|os|Ġwas|Ġab|dic|ated|Ġas|Ġmembers|Ġof|Ġhis|Ġoffice|Ġhad|Ġbeen|Ġinvolved|Ġin|Ġillegal|Ġgra|ft|Ġand|Ġcorrup|tion|.",<ERROR>,1
"The commissioner sets bail, if granted, and formalizes the charges filed by the arresting officer. The charges are then entered into the state's computer system where the case is tracked.",1,{'en': 1},1,1,"The|Ġcommission|er|Ġsets|Ġbail|,|Ġif|Ġgranted|,|Ġand|Ġformal|izes|Ġthe|Ġcharges|Ġfiled|Ġby|Ġthe|Ġarrest|ing|Ġofficer|.|ĠThe|Ġcharges|Ġare|Ġthen|Ġentered|Ġinto|Ġthe|Ġstate|'s|Ġcomputer|Ġsystem|Ġwhere|Ġthe|Ġcase|Ġis|Ġtrack|ed|.",<ERROR>,1
The hearing also marks the date for the suspect’s right to a speedy trial.,1,{'en': 1},1,1,The|Ġhearing|Ġalso|Ġmarks|Ġthe|Ġdate|Ġfor|Ġthe|Ġsuspect|âĢĻs|Ġright|Ġto|Ġa|Ġspeed|y|Ġtrial|.,<ERROR>,1
"Peter Costello, Australian treasurer and the man most likely to succeed Prime Minister John Howard as Liberal party leader has thrown his support behind a nuclear power industry in Australia.",1,{'en': 1},1,1,"P|eter|ĠCost|ello|,|ĠAustralian|Ġtreas|urer|Ġand|Ġthe|Ġman|Ġmost|Ġlikely|Ġto|Ġsucceed|ĠPrime|ĠMinister|ĠJohn|ĠHoward|Ġas|ĠLib|eral|Ġparty|Ġleader|Ġhas|Ġthrown|Ġhis|Ġsupport|Ġbehind|Ġa|Ġnuclear|Ġpower|Ġindustry|Ġin|ĠAustralia|.",<ERROR>,1
"Mr Costello said that when nuclear power generation becomes economically viable, Australia should pursue its use.",1,{'en': 1},1,1,"Mr|ĠCost|ello|Ġsaid|Ġthat|Ġwhen|Ġnuclear|Ġpower|Ġgeneration|Ġbecomes|Ġeconom|ically|Ġv|iable|,|ĠAustralia|Ġshould|Ġpursue|Ġits|Ġuse|.",<ERROR>,1
"""If it becomes commercial, we should have it. That is, there's no in-principle objection to nuclear energy"" Mr Costello said.",1,{'en': 1},1,1,"""|If|Ġit|Ġbecomes|Ġcommercial|,|Ġwe|Ġshould|Ġhave|Ġit|.|ĠThat|Ġis|,|Ġthere|'s|Ġno|Ġin|-pr|inci|ple|Ġobject|ion|Ġto|Ġnuclear|Ġenergy|""|ĠMr|ĠCost|ello|Ġsaid|.",<ERROR>,1
"According to Ansa, ""police were concerned by a couple of top-level hits they feared might spark a full-blown war of succession.",1,{'en': 1},1,1,"According|Ġto|ĠAn|sa|,|Ġ""|pol|ice|Ġwere|Ġconcerned|Ġby|Ġa|Ġcouple|Ġof|Ġtop|-level|Ġhits|Ġthey|Ġfear|ed|Ġmight|Ġs|park|Ġa|Ġfull|-b|l|own|Ġwar|Ġof|Ġsuccess|ion|.",<ERROR>,1
Police said Lo Piccolo had the upper hand because he had been Provenzano's right-hand man in Palermo and his greater experience won him the respect of the older generation of bosses as they pursued Provenzano's policy of keeping as low as possible while strengthening their power network.,1,{'en': 1},1,1,Pol|ice|Ġsaid|ĠLo|ĠP|ic|col|o|Ġhad|Ġthe|Ġupper|Ġhand|Ġbecause|Ġhe|Ġhad|Ġbeen|ĠPro|ven|z|ano|'s|Ġright|-hand|Ġman|Ġin|ĠPal|er|mo|Ġand|Ġhis|Ġgreater|Ġexperience|Ġwon|Ġhim|Ġthe|Ġrespect|Ġof|Ġthe|Ġolder|Ġgeneration|Ġof|Ġboss|es|Ġas|Ġthey|Ġpurs|ued|ĠPro|ven|z|ano|'s|Ġpolicy|Ġof|Ġkeeping|Ġas|Ġlow|Ġas|Ġpossible|Ġwhile|Ġstrength|ening|Ġtheir|Ġpower|Ġnetwork|.,<ERROR>,1
"These bosses had been reined in by Provenzano when he put an end to the Riina-driven war against the state that claimed the lives of Mafia crusaders Giovanni Falcone and Paolo Borsellino in 1992.""",1,{'en': 1},1,1,"These|Ġboss|es|Ġhad|Ġbeen|Ġre|ined|Ġin|Ġby|ĠPro|ven|z|ano|Ġwhen|Ġhe|Ġput|Ġan|Ġend|Ġto|Ġthe|ĠR|i|ina|-d|r|iven|Ġwar|Ġagainst|Ġthe|Ġstate|Ġthat|Ġclaimed|Ġthe|Ġlives|Ġof|ĠM|af|ia|Ġcr|us|aders|ĠG|io|v|ann|i|ĠFal|con|e|Ġand|ĠPa|olo|ĠB|ors|ell|ino|Ġin|Ġ|199|2|.""",<ERROR>,1
Apple CEO Steve Jobs unveiled the device by walking onto the stage and taking the iPhone out of his jeans pocket.,1,{'en': 1},1,1,Apple|ĠCEO|ĠSteve|ĠJobs|Ġun|ve|iled|Ġthe|Ġdevice|Ġby|Ġwalking|Ġonto|Ġthe|Ġstage|Ġand|Ġtaking|Ġthe|ĠiPhone|Ġout|Ġof|Ġhis|Ġje|ans|Ġpocket|.,<ERROR>,1
"During his 2 hour speech he stated that ""Today Apple is going to reinvent the phone, We are going to make history today"".",1,{'en': 1},1,1,"During|Ġhis|Ġ|2|Ġhour|Ġspeech|Ġhe|Ġstated|Ġthat|Ġ""|Today|ĠApple|Ġis|Ġgoing|Ġto|Ġrein|vent|Ġthe|Ġphone|,|ĠWe|Ġare|Ġgoing|Ġto|Ġmake|Ġhistory|Ġtoday|"".",<ERROR>,1
"Brazil is the largest Roman Catholic country on Earth, and the Roman Catholic Church has consistently opposed the legalization of same-sex marriage in the country.",1,{'en': 1},1,1,"B|ra|zil|Ġis|Ġthe|Ġlargest|ĠRoman|ĠCatholic|Ġcountry|Ġon|ĠEarth|,|Ġand|Ġthe|ĠRoman|ĠCatholic|ĠChurch|Ġhas|Ġconsist|ently|Ġopposed|Ġthe|Ġlegal|ization|Ġof|Ġsame|-se|x|Ġmarriage|Ġin|Ġthe|Ġcountry|.",<ERROR>,1
"The National Congress of Brazil has debated legalization for 10 years, and such civil marriages are currently only legal in Rio Grande do Sul.",1,{'en': 1},1,1,"The|ĠNational|ĠCongress|Ġof|ĠBrazil|Ġhas|Ġdeb|ated|Ġlegal|ization|Ġfor|Ġ|10|Ġyears|,|Ġand|Ġsuch|Ġcivil|Ġmar|ri|ages|Ġare|Ġcurrently|Ġonly|Ġlegal|Ġin|ĠRio|ĠGrande|Ġdo|ĠS|ul|.",<ERROR>,1
"The original bill was drafted by former mayor of São Paulo, Marta Suplicy. The proposed legislation, after being amended, is now in the hands of Roberto Jefferson.",1,{'en': 1},1,1,"The|Ġoriginal|Ġbill|Ġwas|Ġdraft|ed|Ġby|Ġformer|Ġmayor|Ġof|ĠS|Ã£o|ĠPa|ulo|,|ĠMar|ta|ĠSup|lic|y|.|ĠThe|Ġproposed|Ġlegislation|,|Ġafter|Ġbeing|Ġam|ended|,|Ġis|Ġnow|Ġin|Ġthe|Ġhands|Ġof|ĠRoberto|ĠJeff|erson|.",<ERROR>,1
Protesters hope to collect a petition of 1.2 million signatures to present to the National Congress in November.,1,{'en': 1},1,1,Pro|test|ers|Ġhope|Ġto|Ġcollect|Ġa|Ġpetition|Ġof|Ġ|1|.|2|Ġmillion|Ġsign|atures|Ġto|Ġpresent|Ġto|Ġthe|ĠNational|ĠCongress|Ġin|ĠNovember|.,<ERROR>,1
"After it became apparent that many families were seeking legal help to fight the evictions, a meeting was held on March 20 at the East Bay Community Law Center for the victims of the housing scam.",1,{'en': 1},1,1,"After|Ġit|Ġbecame|Ġapparent|Ġthat|Ġmany|Ġfamilies|Ġwere|Ġseeking|Ġlegal|Ġhelp|Ġto|Ġfight|Ġthe|Ġev|ict|ions|,|Ġa|Ġmeeting|Ġwas|Ġheld|Ġon|ĠMarch|Ġ|20|Ġat|Ġthe|ĠEast|ĠBay|ĠCommunity|ĠLaw|ĠCenter|Ġfor|Ġthe|Ġvictims|Ġof|Ġthe|Ġhousing|Ġsc|am|.",<ERROR>,1
"When the tenants started sharing what had occurred to them, most of the families involved suddenly realized that Carolyn Wilson of the OHA had stolen their security deposits, and skipped out of town.",1,{'en': 1},1,1,"When|Ġthe|Ġten|ants|Ġstarted|Ġsharing|Ġwhat|Ġhad|Ġoccurred|Ġto|Ġthem|,|Ġmost|Ġof|Ġthe|Ġfamilies|Ġinvolved|Ġsuddenly|Ġrealized|Ġthat|ĠCarol|yn|ĠWilson|Ġof|Ġthe|ĠO|HA|Ġhad|Ġst|olen|Ġtheir|Ġsecurity|Ġdepos|its|,|Ġand|Ġsk|ipped|Ġout|Ġof|Ġtown|.",<ERROR>,1
"Tenants at Lockwood Gardens believe that there may be another 40 families or more to face eviction, since they learned that OHA police are also investigating other public housing properties in Oakland that may be caught up in the housing scam.",1,{'en': 1},1,1,"Ten|ants|Ġat|ĠLock|wood|ĠGard|ens|Ġbelieve|Ġthat|Ġthere|Ġmay|Ġbe|Ġanother|Ġ|40|Ġfamilies|Ġor|Ġmore|Ġto|Ġface|Ġev|iction|,|Ġsince|Ġthey|Ġlearned|Ġthat|ĠO|HA|Ġpolice|Ġare|Ġalso|Ġinvestig|ating|Ġother|Ġpublic|Ġhousing|Ġproperties|Ġin|ĠOak|land|Ġthat|Ġmay|Ġbe|Ġcaught|Ġup|Ġin|Ġthe|Ġhousing|Ġsc|am|.",<ERROR>,1
"The band canceled the show at Maui's War Memorial Stadium, which was set to be attended by 9,000 people, and apologized to fans.",1,{'en': 1},1,1,"The|Ġband|Ġcancel|ed|Ġthe|Ġshow|Ġat|ĠM|au|i|'s|ĠWar|ĠMemorial|ĠStadium|,|Ġwhich|Ġwas|Ġset|Ġto|Ġbe|Ġattended|Ġby|Ġ|9|,|000|Ġpeople|,|Ġand|Ġap|olog|ized|Ġto|Ġfans|.",<ERROR>,1
"The band's management company, HK Management Inc., gave no initial reason when they canceled on September 20, but blamed logistical reasons by the next day.",1,{'en': 1},1,1,"The|Ġband|'s|Ġmanagement|Ġcompany|,|ĠH|K|ĠManagement|ĠInc|.,|Ġgave|Ġno|Ġinitial|Ġreason|Ġwhen|Ġthey|Ġcancel|ed|Ġon|ĠSeptember|Ġ|20|,|Ġbut|Ġb|lam|ed|Ġlog|ist|ical|Ġreasons|Ġby|Ġthe|Ġnext|Ġday|.",<ERROR>,1
"The famous Greek lawyers, Sakis Kechagioglou and George Nikolakopoulos have been imprisoned in the Athens' jail of Korydallus, as they were found guilty of graft and corruption.",1,{'en': 1},1,1,"The|Ġfamous|ĠGreek|Ġlawyers|,|ĠS|ak|is|ĠKe|ch|ag|io|gl|ou|Ġand|ĠGeorge|ĠNik|ol|ak|op|o|ulos|Ġhave|Ġbeen|Ġimpr|ison|ed|Ġin|Ġthe|ĠAth|ens|'|Ġjail|Ġof|ĠK|ory|d|all|us|,|Ġas|Ġthey|Ġwere|Ġfound|Ġguilty|Ġof|Ġgra|ft|Ġand|Ġcorrup|tion|.",<ERROR>,1
"As a result of this, a big scandal within the Greek legal community has been raised through the exposure of illegal actions that judges, lawyers, solicitors and attorneys have done during the previous years.",1,{'en': 1},1,1,"As|Ġa|Ġresult|Ġof|Ġthis|,|Ġa|Ġbig|Ġsc|andal|Ġwithin|Ġthe|ĠGreek|Ġlegal|Ġcommunity|Ġhas|Ġbeen|Ġraised|Ġthrough|Ġthe|Ġexposure|Ġof|Ġillegal|Ġactions|Ġthat|Ġjudges|,|Ġlawyers|,|Ġsolicit|ors|Ġand|Ġatt|or|neys|Ġhave|Ġdone|Ġduring|Ġthe|Ġprevious|Ġyears|.",<ERROR>,1
"I expect to return to all my duties on Monday,"" Arias said in a statement.",1,{'en': 1},1,1,"I|Ġexpect|Ġto|Ġreturn|Ġto|Ġall|Ġmy|Ġduties|Ġon|ĠMonday|,""|ĠAr|ias|Ġsaid|Ġin|Ġa|Ġstatement|.",<ERROR>,1
